image,tp,fp,fn,predictions,ground_truth,visualization
data\traffic-signs\valid\images\AUTO_COLLECTED_PICTURE_0_png.rf.3aa566303b61b1f71bb70abeb0561c65.jpg,1,0,0,1,1,outputs\error_analysis\threshold_yolov8n_640_conf025\visualizations\AUTO_COLLECTED_PICTURE_0_png.rf.3aa566303b61b1f71bb70abeb0561c65.jpg
data\traffic-signs\valid\images\AUTO_COLLECTED_PICTURE_104_png.rf.f1d63948496e43aa84b28972b5ed9765.jpg,1,2,0,3,1,outputs\error_analysis\threshold_yolov8n_640_conf025\visualizations\AUTO_COLLECTED_PICTURE_104_png.rf.f1d63948496e43aa84b28972b5ed9765.jpg
data\traffic-signs\valid\images\AUTO_COLLECTED_PICTURE_106_png.rf.3b96ef64a5d76fe20a53d2bbd000d91b.jpg,1,2,0,3,2,outputs\error_analysis\threshold_yolov8n_640_conf025\visualizations\AUTO_COLLECTED_PICTURE_106_png.rf.3b96ef64a5d76fe20a53d2bbd000d91b.jpg
data\traffic-signs\valid\images\AUTO_COLLECTED_PICTURE_107_png.rf.803ceb32535d28d05a70cb13d29d4186.jpg,1,0,0,1,1,outputs\error_analysis\threshold_yolov8n_640_conf025\visualizations\AUTO_COLLECTED_PICTURE_107_png.rf.803ceb32535d28d05a70cb13d29d4186.jpg
data\traffic-signs\valid\images\AUTO_COLLECTED_PICTURE_109_png.rf.b48687af751e7d30b3aa82d8feb6df87.jpg,4,4,1,8,6,outputs\error_analysis\threshold_yolov8n_640_conf025\visualizations\AUTO_COLLECTED_PICTURE_109_png.rf.b48687af751e7d30b3aa82d8feb6df87.jpg
data\traffic-signs\valid\images\AUTO_COLLECTED_PICTURE_111_png.rf.07a0d2634e21d83867f63ac13bd2bf72.jpg,1,1,0,2,1,outputs\error_analysis\threshold_yolov8n_640_conf025\visualizations\AUTO_COLLECTED_PICTURE_111_png.rf.07a0d2634e21d83867f63ac13bd2bf72.jpg
data\traffic-signs\valid\images\AUTO_COLLECTED_PICTURE_113_png.rf.a3cb0e4e0656f2cd244283c9cb9d0846.jpg,1,0,0,1,1,outputs\error_analysis\threshold_yolov8n_640_conf025\visualizations\AUTO_COLLECTED_PICTURE_113_png.rf.a3cb0e4e0656f2cd244283c9cb9d0846.jpg
data\traffic-signs\valid\images\AUTO_COLLECTED_PICTURE_118_png.rf.866cf7405e1b5645cf036459cf5e8ce6.jpg,0,0,0,0,0,outputs\error_analysis\threshold_yolov8n_640_conf025\visualizations\AUTO_COLLECTED_PICTURE_118_png.rf.866cf7405e1b5645cf036459cf5e8ce6.jpg
data\traffic-signs\valid\images\AUTO_COLLECTED_PICTURE_119_png.rf.3e4e0210eb1910ba7b6597c5e0d95410.jpg,0,1,0,1,1,outputs\error_analysis\threshold_yolov8n_640_conf025\visualizations\AUTO_COLLECTED_PICTURE_119_png.rf.3e4e0210eb1910ba7b6597c5e0d95410.jpg
data\traffic-signs\valid\images\AUTO_COLLECTED_PICTURE_121_png.rf.2b2986b081d7593f620748f26f66b395.jpg,1,2,0,3,2,outputs\error_analysis\threshold_yolov8n_640_conf025\visualizations\AUTO_COLLECTED_PICTURE_121_png.rf.2b2986b081d7593f620748f26f66b395.jpg
data\traffic-signs\valid\images\AUTO_COLLECTED_PICTURE_127_png.rf.e9f9cc835fae8f9a92fc3e4a4c0cc728.jpg,1,0,0,1,1,outputs\error_analysis\threshold_yolov8n_640_conf025\visualizations\AUTO_COLLECTED_PICTURE_127_png.rf.e9f9cc835fae8f9a92fc3e4a4c0cc728.jpg
data\traffic-signs\valid\images\AUTO_COLLECTED_PICTURE_133_png.rf.293e84cf9acacb45aee1c77563d403ea.jpg,2,0,0,2,2,outputs\error_analysis\threshold_yolov8n_640_conf025\visualizations\AUTO_COLLECTED_PICTURE_133_png.rf.293e84cf9acacb45aee1c77563d403ea.jpg
data\traffic-signs\valid\images\AUTO_COLLECTED_PICTURE_138_png.rf.867708c68ba891033bc3bb034c8b0168.jpg,2,0,0,2,2,outputs\error_analysis\threshold_yolov8n_640_conf025\visualizations\AUTO_COLLECTED_PICTURE_138_png.rf.867708c68ba891033bc3bb034c8b0168.jpg
data\traffic-signs\valid\images\AUTO_COLLECTED_PICTURE_142_png.rf.99a348c467e67a341e808306c62f5d7a.jpg,2,1,0,3,2,outputs\error_analysis\threshold_yolov8n_640_conf025\visualizations\AUTO_COLLECTED_PICTURE_142_png.rf.99a348c467e67a341e808306c62f5d7a.jpg
data\traffic-signs\valid\images\AUTO_COLLECTED_PICTURE_154_png.rf.bdef90d16a47d372d2c2083c7b1bb97d.jpg,2,0,0,2,2,outputs\error_analysis\threshold_yolov8n_640_conf025\visualizations\AUTO_COLLECTED_PICTURE_154_png.rf.bdef90d16a47d372d2c2083c7b1bb97d.jpg
data\traffic-signs\valid\images\AUTO_COLLECTED_PICTURE_155_png.rf.dc515b1087e3aec619f1ce96db9005a3.jpg,1,0,0,1,1,outputs\error_analysis\threshold_yolov8n_640_conf025\visualizations\AUTO_COLLECTED_PICTURE_155_png.rf.dc515b1087e3aec619f1ce96db9005a3.jpg
data\traffic-signs\valid\images\AUTO_COLLECTED_PICTURE_156_png.rf.88db37436a0c8556a5bf2fee0fa08875.jpg,0,0,0,0,0,outputs\error_analysis\threshold_yolov8n_640_conf025\visualizations\AUTO_COLLECTED_PICTURE_156_png.rf.88db37436a0c8556a5bf2fee0fa08875.jpg
data\traffic-signs\valid\images\AUTO_COLLECTED_PICTURE_170_png.rf.b43acd56270255a9800cfd324042e4a9.jpg,2,0,0,2,2,outputs\error_analysis\threshold_yolov8n_640_conf025\visualizations\AUTO_COLLECTED_PICTURE_170_png.rf.b43acd56270255a9800cfd324042e4a9.jpg
data\traffic-signs\valid\images\AUTO_COLLECTED_PICTURE_176_png.rf.fbce1a412eeb10d6ef18f2c9e596d547.jpg,1,0,0,1,1,outputs\error_analysis\threshold_yolov8n_640_conf025\visualizations\AUTO_COLLECTED_PICTURE_176_png.rf.fbce1a412eeb10d6ef18f2c9e596d547.jpg
data\traffic-signs\valid\images\AUTO_COLLECTED_PICTURE_19_png.rf.ce3ad4d1b7441e44466057de48896b9f.jpg,0,2,0,2,0,outputs\error_analysis\threshold_yolov8n_640_conf025\visualizations\AUTO_COLLECTED_PICTURE_19_png.rf.ce3ad4d1b7441e44466057de48896b9f.jpg
data\traffic-signs\valid\images\AUTO_COLLECTED_PICTURE_1_png.rf.34992cea903ef898620db310feafc84e.jpg,1,1,0,2,1,outputs\error_analysis\threshold_yolov8n_640_conf025\visualizations\AUTO_COLLECTED_PICTURE_1_png.rf.34992cea903ef898620db310feafc84e.jpg
data\traffic-signs\valid\images\AUTO_COLLECTED_PICTURE_208_png.rf.ceb34de645c4357e66fefc3c7992338e.jpg,1,0,0,1,1,outputs\error_analysis\threshold_yolov8n_640_conf025\visualizations\AUTO_COLLECTED_PICTURE_208_png.rf.ceb34de645c4357e66fefc3c7992338e.jpg
data\traffic-signs\valid\images\AUTO_COLLECTED_PICTURE_212_png.rf.b5161848082fa09bbbfc70adc08a8f38.jpg,1,0,0,1,1,outputs\error_analysis\threshold_yolov8n_640_conf025\visualizations\AUTO_COLLECTED_PICTURE_212_png.rf.b5161848082fa09bbbfc70adc08a8f38.jpg
data\traffic-signs\valid\images\AUTO_COLLECTED_PICTURE_213_png.rf.d10b592732942e7dea1aad3545b2fa27.jpg,2,0,0,2,2,outputs\error_analysis\threshold_yolov8n_640_conf025\visualizations\AUTO_COLLECTED_PICTURE_213_png.rf.d10b592732942e7dea1aad3545b2fa27.jpg
data\traffic-signs\valid\images\AUTO_COLLECTED_PICTURE_216_png.rf.ab8e031d13861da7056ef106ebfcf9b9.jpg,2,0,2,2,4,outputs\error_analysis\threshold_yolov8n_640_conf025\visualizations\AUTO_COLLECTED_PICTURE_216_png.rf.ab8e031d13861da7056ef106ebfcf9b9.jpg
data\traffic-signs\valid\images\AUTO_COLLECTED_PICTURE_218_png.rf.abcc06c8a9bedc4bb540cee5dc0e364c.jpg,2,0,0,2,2,outputs\error_analysis\threshold_yolov8n_640_conf025\visualizations\AUTO_COLLECTED_PICTURE_218_png.rf.abcc06c8a9bedc4bb540cee5dc0e364c.jpg
data\traffic-signs\valid\images\AUTO_COLLECTED_PICTURE_220_png.rf.d14580f18ba49a6166ff2896570c620d.jpg,0,2,0,2,1,outputs\error_analysis\threshold_yolov8n_640_conf025\visualizations\AUTO_COLLECTED_PICTURE_220_png.rf.d14580f18ba49a6166ff2896570c620d.jpg
data\traffic-signs\valid\images\AUTO_COLLECTED_PICTURE_226_png.rf.4442353eedf9283e9be83689704d9afc.jpg,2,0,0,2,2,outputs\error_analysis\threshold_yolov8n_640_conf025\visualizations\AUTO_COLLECTED_PICTURE_226_png.rf.4442353eedf9283e9be83689704d9afc.jpg
data\traffic-signs\valid\images\AUTO_COLLECTED_PICTURE_227_png.rf.e3b58baf770b6433be58c884653d52ef.jpg,3,3,0,6,3,outputs\error_analysis\threshold_yolov8n_640_conf025\visualizations\AUTO_COLLECTED_PICTURE_227_png.rf.e3b58baf770b6433be58c884653d52ef.jpg
data\traffic-signs\valid\images\AUTO_COLLECTED_PICTURE_22_png.rf.20d9e75fafd0b3cac4682a63a6d35ad9.jpg,2,0,0,2,2,outputs\error_analysis\threshold_yolov8n_640_conf025\visualizations\AUTO_COLLECTED_PICTURE_22_png.rf.20d9e75fafd0b3cac4682a63a6d35ad9.jpg
data\traffic-signs\valid\images\AUTO_COLLECTED_PICTURE_26_png.rf.450ad261005a81d8ba7db7fd0cc3b988.jpg,2,0,0,2,2,outputs\error_analysis\threshold_yolov8n_640_conf025\visualizations\AUTO_COLLECTED_PICTURE_26_png.rf.450ad261005a81d8ba7db7fd0cc3b988.jpg
data\traffic-signs\valid\images\AUTO_COLLECTED_PICTURE_27_png.rf.67531d8f3f1abb8e2ed4a5e637b1c3ad.jpg,0,5,1,5,3,outputs\error_analysis\threshold_yolov8n_640_conf025\visualizations\AUTO_COLLECTED_PICTURE_27_png.rf.67531d8f3f1abb8e2ed4a5e637b1c3ad.jpg
data\traffic-signs\valid\images\AUTO_COLLECTED_PICTURE_32_png.rf.79b08b757a16ad18f0608960fc9f765f.jpg,1,0,0,1,1,outputs\error_analysis\threshold_yolov8n_640_conf025\visualizations\AUTO_COLLECTED_PICTURE_32_png.rf.79b08b757a16ad18f0608960fc9f765f.jpg
data\traffic-signs\valid\images\AUTO_COLLECTED_PICTURE_36_png.rf.9237114eef890efd8efe06434bac99eb.jpg,1,3,0,4,1,outputs\error_analysis\threshold_yolov8n_640_conf025\visualizations\AUTO_COLLECTED_PICTURE_36_png.rf.9237114eef890efd8efe06434bac99eb.jpg
data\traffic-signs\valid\images\AUTO_COLLECTED_PICTURE_38_png.rf.61438c17bbb24b828081b12e2f97f5be.jpg,1,2,0,3,1,outputs\error_analysis\threshold_yolov8n_640_conf025\visualizations\AUTO_COLLECTED_PICTURE_38_png.rf.61438c17bbb24b828081b12e2f97f5be.jpg
data\traffic-signs\valid\images\AUTO_COLLECTED_PICTURE_3_png.rf.c1bafe177dfcb02f19ea935f92ce9d4b.jpg,1,2,0,3,1,outputs\error_analysis\threshold_yolov8n_640_conf025\visualizations\AUTO_COLLECTED_PICTURE_3_png.rf.c1bafe177dfcb02f19ea935f92ce9d4b.jpg
data\traffic-signs\valid\images\AUTO_COLLECTED_PICTURE_40_png.rf.4d41c777c3da41ab953178d80eac3471.jpg,2,2,0,4,3,outputs\error_analysis\threshold_yolov8n_640_conf025\visualizations\AUTO_COLLECTED_PICTURE_40_png.rf.4d41c777c3da41ab953178d80eac3471.jpg
data\traffic-signs\valid\images\AUTO_COLLECTED_PICTURE_41_png.rf.3939f64a218078c650405113806c39cb.jpg,0,3,0,3,1,outputs\error_analysis\threshold_yolov8n_640_conf025\visualizations\AUTO_COLLECTED_PICTURE_41_png.rf.3939f64a218078c650405113806c39cb.jpg
data\traffic-signs\valid\images\AUTO_COLLECTED_PICTURE_45_png.rf.f86770932cf0a4871b97ea53c9e80aae.jpg,1,0,1,1,2,outputs\error_analysis\threshold_yolov8n_640_conf025\visualizations\AUTO_COLLECTED_PICTURE_45_png.rf.f86770932cf0a4871b97ea53c9e80aae.jpg
data\traffic-signs\valid\images\AUTO_COLLECTED_PICTURE_48_png.rf.cde0988f8832643d81dfe5e0c978452d.jpg,1,0,0,1,1,outputs\error_analysis\threshold_yolov8n_640_conf025\visualizations\AUTO_COLLECTED_PICTURE_48_png.rf.cde0988f8832643d81dfe5e0c978452d.jpg
data\traffic-signs\valid\images\AUTO_COLLECTED_PICTURE_50_png.rf.c027c7bc58a1afcab8f36dbfa2ef0ac9.jpg,1,1,0,2,1,outputs\error_analysis\threshold_yolov8n_640_conf025\visualizations\AUTO_COLLECTED_PICTURE_50_png.rf.c027c7bc58a1afcab8f36dbfa2ef0ac9.jpg
data\traffic-signs\valid\images\AUTO_COLLECTED_PICTURE_51_png.rf.b1e1327b69360ff5cfacb32acc538c9f.jpg,1,1,0,2,1,outputs\error_analysis\threshold_yolov8n_640_conf025\visualizations\AUTO_COLLECTED_PICTURE_51_png.rf.b1e1327b69360ff5cfacb32acc538c9f.jpg
data\traffic-signs\valid\images\AUTO_COLLECTED_PICTURE_52_png.rf.dcf55333f58f63e4a0d9ff0242330a59.jpg,2,0,0,2,2,outputs\error_analysis\threshold_yolov8n_640_conf025\visualizations\AUTO_COLLECTED_PICTURE_52_png.rf.dcf55333f58f63e4a0d9ff0242330a59.jpg
data\traffic-signs\valid\images\AUTO_COLLECTED_PICTURE_53_png.rf.9344e10c37608f3c5d3fd377cf0c01cf.jpg,1,1,0,2,1,outputs\error_analysis\threshold_yolov8n_640_conf025\visualizations\AUTO_COLLECTED_PICTURE_53_png.rf.9344e10c37608f3c5d3fd377cf0c01cf.jpg
data\traffic-signs\valid\images\AUTO_COLLECTED_PICTURE_54_png.rf.45b5a6632743597a3bbbf270febecfb4.jpg,1,0,0,1,1,outputs\error_analysis\threshold_yolov8n_640_conf025\visualizations\AUTO_COLLECTED_PICTURE_54_png.rf.45b5a6632743597a3bbbf270febecfb4.jpg
data\traffic-signs\valid\images\AUTO_COLLECTED_PICTURE_59_png.rf.19ac39f2b85c976fb9442a7e55787b27.jpg,1,0,0,1,1,outputs\error_analysis\threshold_yolov8n_640_conf025\visualizations\AUTO_COLLECTED_PICTURE_59_png.rf.19ac39f2b85c976fb9442a7e55787b27.jpg
data\traffic-signs\valid\images\AUTO_COLLECTED_PICTURE_65_png.rf.9c85033008001435da1da5b6cafda807.jpg,0,1,0,1,1,outputs\error_analysis\threshold_yolov8n_640_conf025\visualizations\AUTO_COLLECTED_PICTURE_65_png.rf.9c85033008001435da1da5b6cafda807.jpg
data\traffic-signs\valid\images\AUTO_COLLECTED_PICTURE_66_png.rf.20792a03a22b3cb48ff426cd19bca4c6.jpg,0,1,1,1,2,outputs\error_analysis\threshold_yolov8n_640_conf025\visualizations\AUTO_COLLECTED_PICTURE_66_png.rf.20792a03a22b3cb48ff426cd19bca4c6.jpg
data\traffic-signs\valid\images\AUTO_COLLECTED_PICTURE_72_png.rf.2c59c79ca8ae178ee67a65a5af799e73.jpg,2,0,0,2,2,outputs\error_analysis\threshold_yolov8n_640_conf025\visualizations\AUTO_COLLECTED_PICTURE_72_png.rf.2c59c79ca8ae178ee67a65a5af799e73.jpg
data\traffic-signs\valid\images\AUTO_COLLECTED_PICTURE_74_png.rf.cd85e4a88d63c691247276bce2038f1e.jpg,1,1,0,2,1,outputs\error_analysis\threshold_yolov8n_640_conf025\visualizations\AUTO_COLLECTED_PICTURE_74_png.rf.cd85e4a88d63c691247276bce2038f1e.jpg
data\traffic-signs\valid\images\AUTO_COLLECTED_PICTURE_77_png.rf.3ce96de8b8e620e1519502742e1d7df3.jpg,0,2,0,2,1,outputs\error_analysis\threshold_yolov8n_640_conf025\visualizations\AUTO_COLLECTED_PICTURE_77_png.rf.3ce96de8b8e620e1519502742e1d7df3.jpg
data\traffic-signs\valid\images\AUTO_COLLECTED_PICTURE_80_png.rf.726fa5c798fadf1976b9255161a7b6f8.jpg,1,1,0,2,1,outputs\error_analysis\threshold_yolov8n_640_conf025\visualizations\AUTO_COLLECTED_PICTURE_80_png.rf.726fa5c798fadf1976b9255161a7b6f8.jpg
data\traffic-signs\valid\images\AUTO_COLLECTED_PICTURE_83_png.rf.13bba0ea422b37bab2e36a2a2f89746b.jpg,2,1,0,3,3,outputs\error_analysis\threshold_yolov8n_640_conf025\visualizations\AUTO_COLLECTED_PICTURE_83_png.rf.13bba0ea422b37bab2e36a2a2f89746b.jpg
data\traffic-signs\valid\images\AUTO_COLLECTED_PICTURE_85_png.rf.9371597a191428b3f590ac8e405ea7b6.jpg,1,3,0,4,1,outputs\error_analysis\threshold_yolov8n_640_conf025\visualizations\AUTO_COLLECTED_PICTURE_85_png.rf.9371597a191428b3f590ac8e405ea7b6.jpg
data\traffic-signs\valid\images\AUTO_COLLECTED_PICTURE_88_png.rf.7075836fdab6053b1f01184108ef9c77.jpg,0,1,0,1,0,outputs\error_analysis\threshold_yolov8n_640_conf025\visualizations\AUTO_COLLECTED_PICTURE_88_png.rf.7075836fdab6053b1f01184108ef9c77.jpg
data\traffic-signs\valid\images\AUTO_COLLECTED_PICTURE_97_png.rf.71c9530f859d0f7846c5aee78eba28a0.jpg,4,0,0,4,4,outputs\error_analysis\threshold_yolov8n_640_conf025\visualizations\AUTO_COLLECTED_PICTURE_97_png.rf.71c9530f859d0f7846c5aee78eba28a0.jpg
data\traffic-signs\valid\images\AUTO_COLLECTED_PICTURE_9_png.rf.8a70e287b30237692f24518fce667975.jpg,0,3,0,3,1,outputs\error_analysis\threshold_yolov8n_640_conf025\visualizations\AUTO_COLLECTED_PICTURE_9_png.rf.8a70e287b30237692f24518fce667975.jpg
data\traffic-signs\valid\images\PIC-00068-_png_jpg.rf.6457c1ab35da4c50732e7ca5b3d63c7c.jpg,2,0,0,2,2,outputs\error_analysis\threshold_yolov8n_640_conf025\visualizations\PIC-00068-_png_jpg.rf.6457c1ab35da4c50732e7ca5b3d63c7c.jpg
data\traffic-signs\valid\images\PIC-00077-_png_jpg.rf.02ccb36b99191fce339673902c8d971b.jpg,2,0,0,2,2,outputs\error_analysis\threshold_yolov8n_640_conf025\visualizations\PIC-00077-_png_jpg.rf.02ccb36b99191fce339673902c8d971b.jpg
data\traffic-signs\valid\images\PIC-00330-_png_jpg.rf.dd15a27fa7bf0efec7ab2732c9a260af.jpg,3,1,0,4,3,outputs\error_analysis\threshold_yolov8n_640_conf025\visualizations\PIC-00330-_png_jpg.rf.dd15a27fa7bf0efec7ab2732c9a260af.jpg
data\traffic-signs\valid\images\PIC-00331-_png_jpg.rf.514aae8c5e96749829c9f6f7e46b7a68.jpg,1,0,0,1,1,outputs\error_analysis\threshold_yolov8n_640_conf025\visualizations\PIC-00331-_png_jpg.rf.514aae8c5e96749829c9f6f7e46b7a68.jpg
data\traffic-signs\valid\images\PIC-00346-_png_jpg.rf.f549050a53d0977430d8559850bcb503.jpg,2,0,0,2,2,outputs\error_analysis\threshold_yolov8n_640_conf025\visualizations\PIC-00346-_png_jpg.rf.f549050a53d0977430d8559850bcb503.jpg
data\traffic-signs\valid\images\PIC-00349-_png_jpg.rf.0e9f57706412383caa09f991a2a0b02d.jpg,1,0,0,1,1,outputs\error_analysis\threshold_yolov8n_640_conf025\visualizations\PIC-00349-_png_jpg.rf.0e9f57706412383caa09f991a2a0b02d.jpg
data\traffic-signs\valid\images\PIC-00350-_png_jpg.rf.c63fbb1a2e6b923b1d5b65910e7b53ed.jpg,2,2,0,4,2,outputs\error_analysis\threshold_yolov8n_640_conf025\visualizations\PIC-00350-_png_jpg.rf.c63fbb1a2e6b923b1d5b65910e7b53ed.jpg
data\traffic-signs\valid\images\PIC-00351-_png_jpg.rf.2136f0c286787d1fade24015ef7a9866.jpg,1,0,0,1,1,outputs\error_analysis\threshold_yolov8n_640_conf025\visualizations\PIC-00351-_png_jpg.rf.2136f0c286787d1fade24015ef7a9866.jpg
data\traffic-signs\valid\images\PIC-00353-_png_jpg.rf.f08f4f7500694e7b4e5a12a5216348a8.jpg,1,1,0,2,1,outputs\error_analysis\threshold_yolov8n_640_conf025\visualizations\PIC-00353-_png_jpg.rf.f08f4f7500694e7b4e5a12a5216348a8.jpg
data\traffic-signs\valid\images\PIC-00354-_png_jpg.rf.644480b84d2adfb52eca86663859d256.jpg,1,0,0,1,1,outputs\error_analysis\threshold_yolov8n_640_conf025\visualizations\PIC-00354-_png_jpg.rf.644480b84d2adfb52eca86663859d256.jpg
data\traffic-signs\valid\images\PIC-00356-_png_jpg.rf.c36636b89130451218b0edfbbffd0639.jpg,1,0,0,1,1,outputs\error_analysis\threshold_yolov8n_640_conf025\visualizations\PIC-00356-_png_jpg.rf.c36636b89130451218b0edfbbffd0639.jpg
data\traffic-signs\valid\images\PIC-00361-_png_jpg.rf.b7dbcb2c0c8afecb0d60d0ace42681ed.jpg,1,0,0,1,1,outputs\error_analysis\threshold_yolov8n_640_conf025\visualizations\PIC-00361-_png_jpg.rf.b7dbcb2c0c8afecb0d60d0ace42681ed.jpg
data\traffic-signs\valid\images\PIC-00362-_png_jpg.rf.fc8e603bcba3f3ba1f85c2c47b6e825a.jpg,2,0,0,2,2,outputs\error_analysis\threshold_yolov8n_640_conf025\visualizations\PIC-00362-_png_jpg.rf.fc8e603bcba3f3ba1f85c2c47b6e825a.jpg
data\traffic-signs\valid\images\PIC-00365-_png_jpg.rf.4a9650e42d5d489c40ac9732efbd37a8.jpg,1,0,0,1,1,outputs\error_analysis\threshold_yolov8n_640_conf025\visualizations\PIC-00365-_png_jpg.rf.4a9650e42d5d489c40ac9732efbd37a8.jpg
data\traffic-signs\valid\images\PIC-00366-_png_jpg.rf.591e5f4d674745741d6196bdb08d2466.jpg,1,0,0,1,1,outputs\error_analysis\threshold_yolov8n_640_conf025\visualizations\PIC-00366-_png_jpg.rf.591e5f4d674745741d6196bdb08d2466.jpg
data\traffic-signs\valid\images\PIC-00367-_png_jpg.rf.a69a0bbf32ab017cd52558b29cbc8002.jpg,1,0,0,1,1,outputs\error_analysis\threshold_yolov8n_640_conf025\visualizations\PIC-00367-_png_jpg.rf.a69a0bbf32ab017cd52558b29cbc8002.jpg
data\traffic-signs\valid\images\PIC-00368-_png_jpg.rf.a8baec181d4242a1ff642401c125da7c.jpg,2,0,0,2,2,outputs\error_analysis\threshold_yolov8n_640_conf025\visualizations\PIC-00368-_png_jpg.rf.a8baec181d4242a1ff642401c125da7c.jpg
data\traffic-signs\valid\images\PIC-00369-_png_jpg.rf.b93e305924aa107b0183a0e6f6eca44c.jpg,1,1,3,2,4,outputs\error_analysis\threshold_yolov8n_640_conf025\visualizations\PIC-00369-_png_jpg.rf.b93e305924aa107b0183a0e6f6eca44c.jpg
data\traffic-signs\valid\images\PIC-00370-_png_jpg.rf.570ec55bfa8bba1595ea464815624cf8.jpg,1,1,0,2,1,outputs\error_analysis\threshold_yolov8n_640_conf025\visualizations\PIC-00370-_png_jpg.rf.570ec55bfa8bba1595ea464815624cf8.jpg
data\traffic-signs\valid\images\PIC-00371-_png_jpg.rf.91278d2ffbd2cbe81f35d57e06497d0f.jpg,1,0,0,1,1,outputs\error_analysis\threshold_yolov8n_640_conf025\visualizations\PIC-00371-_png_jpg.rf.91278d2ffbd2cbe81f35d57e06497d0f.jpg
data\traffic-signs\valid\images\PIC-00372-_png_jpg.rf.da84194645608eecf400d9f3dc2d0824.jpg,1,0,0,1,1,outputs\error_analysis\threshold_yolov8n_640_conf025\visualizations\PIC-00372-_png_jpg.rf.da84194645608eecf400d9f3dc2d0824.jpg
data\traffic-signs\valid\images\PIC-00374-_png_jpg.rf.cd817a8ba692d553d2e9008dd22bb001.jpg,1,0,0,1,1,outputs\error_analysis\threshold_yolov8n_640_conf025\visualizations\PIC-00374-_png_jpg.rf.cd817a8ba692d553d2e9008dd22bb001.jpg
data\traffic-signs\valid\images\PIC-00375-_png_jpg.rf.e6166e3f1c07a4d63f87023fe610120a.jpg,1,0,0,1,1,outputs\error_analysis\threshold_yolov8n_640_conf025\visualizations\PIC-00375-_png_jpg.rf.e6166e3f1c07a4d63f87023fe610120a.jpg
data\traffic-signs\valid\images\PIC-00380-_png_jpg.rf.aadb8d3d3622b3f46f9b350d233e95ce.jpg,2,0,0,2,2,outputs\error_analysis\threshold_yolov8n_640_conf025\visualizations\PIC-00380-_png_jpg.rf.aadb8d3d3622b3f46f9b350d233e95ce.jpg
data\traffic-signs\valid\images\PIC-00382-_png_jpg.rf.f5190d7e7167b52bb1fa4f41d19493ac.jpg,1,1,0,2,1,outputs\error_analysis\threshold_yolov8n_640_conf025\visualizations\PIC-00382-_png_jpg.rf.f5190d7e7167b52bb1fa4f41d19493ac.jpg
data\traffic-signs\valid\images\PIC-00385-_png_jpg.rf.13fa9009f462f1855bd0a9762210ffdc.jpg,1,1,0,2,1,outputs\error_analysis\threshold_yolov8n_640_conf025\visualizations\PIC-00385-_png_jpg.rf.13fa9009f462f1855bd0a9762210ffdc.jpg
data\traffic-signs\valid\images\PIC-00387-_png_jpg.rf.7f410093aa18b4cf2cfe9ad68435b87b.jpg,2,1,0,3,2,outputs\error_analysis\threshold_yolov8n_640_conf025\visualizations\PIC-00387-_png_jpg.rf.7f410093aa18b4cf2cfe9ad68435b87b.jpg
data\traffic-signs\valid\images\PIC-00390-_png_jpg.rf.36220c5b09369484396904b29d1ea239.jpg,1,0,0,1,1,outputs\error_analysis\threshold_yolov8n_640_conf025\visualizations\PIC-00390-_png_jpg.rf.36220c5b09369484396904b29d1ea239.jpg
data\traffic-signs\valid\images\PIC-00393-_png_jpg.rf.1ec9744ff1285da71f7884a3dee39c2a.jpg,1,0,0,1,1,outputs\error_analysis\threshold_yolov8n_640_conf025\visualizations\PIC-00393-_png_jpg.rf.1ec9744ff1285da71f7884a3dee39c2a.jpg
data\traffic-signs\valid\images\PIC-00395-_png_jpg.rf.18f06987ce3c4e061439dd3fc7afb3c9.jpg,1,0,0,1,1,outputs\error_analysis\threshold_yolov8n_640_conf025\visualizations\PIC-00395-_png_jpg.rf.18f06987ce3c4e061439dd3fc7afb3c9.jpg
data\traffic-signs\valid\images\PIC-00396-_png_jpg.rf.21ac5625a6d220387890f1ed6a21e0e1.jpg,2,2,0,4,2,outputs\error_analysis\threshold_yolov8n_640_conf025\visualizations\PIC-00396-_png_jpg.rf.21ac5625a6d220387890f1ed6a21e0e1.jpg
data\traffic-signs\valid\images\PIC-00397-_png_jpg.rf.f23e0bff78a66c7e4cc4b27d9add0980.jpg,1,0,0,1,1,outputs\error_analysis\threshold_yolov8n_640_conf025\visualizations\PIC-00397-_png_jpg.rf.f23e0bff78a66c7e4cc4b27d9add0980.jpg
data\traffic-signs\valid\images\PIC-00399-_png_jpg.rf.97b414738310d32a4f4cfbe52806b968.jpg,1,0,0,1,1,outputs\error_analysis\threshold_yolov8n_640_conf025\visualizations\PIC-00399-_png_jpg.rf.97b414738310d32a4f4cfbe52806b968.jpg
data\traffic-signs\valid\images\PIC-00400-_png_jpg.rf.ba730d5bd07e309ec10b528dd5af3ef4.jpg,2,2,0,4,2,outputs\error_analysis\threshold_yolov8n_640_conf025\visualizations\PIC-00400-_png_jpg.rf.ba730d5bd07e309ec10b528dd5af3ef4.jpg
data\traffic-signs\valid\images\PIC-00401-_png_jpg.rf.6fa0f438370f49e174e91242ad767258.jpg,1,0,1,1,2,outputs\error_analysis\threshold_yolov8n_640_conf025\visualizations\PIC-00401-_png_jpg.rf.6fa0f438370f49e174e91242ad767258.jpg
data\traffic-signs\valid\images\PIC-00402-_png_jpg.rf.940c839e150593cd5b47799663801151.jpg,1,1,0,2,2,outputs\error_analysis\threshold_yolov8n_640_conf025\visualizations\PIC-00402-_png_jpg.rf.940c839e150593cd5b47799663801151.jpg
data\traffic-signs\valid\images\PIC-00403-_png_jpg.rf.e848efd7258d5a161d916fbe1522f4ca.jpg,1,0,0,1,1,outputs\error_analysis\threshold_yolov8n_640_conf025\visualizations\PIC-00403-_png_jpg.rf.e848efd7258d5a161d916fbe1522f4ca.jpg
data\traffic-signs\valid\images\PIC-00405-_png_jpg.rf.e179f6468b801fe9162bbd0920fb60ba.jpg,1,0,0,1,1,outputs\error_analysis\threshold_yolov8n_640_conf025\visualizations\PIC-00405-_png_jpg.rf.e179f6468b801fe9162bbd0920fb60ba.jpg
data\traffic-signs\valid\images\PIC-00406-_png_jpg.rf.d1c59a023feb6fa3b1b10902d7f4eacd.jpg,2,0,0,2,2,outputs\error_analysis\threshold_yolov8n_640_conf025\visualizations\PIC-00406-_png_jpg.rf.d1c59a023feb6fa3b1b10902d7f4eacd.jpg
data\traffic-signs\valid\images\PIC-00407-_png_jpg.rf.5d51e8f355871e7f12f6932460ee1192.jpg,2,0,0,2,2,outputs\error_analysis\threshold_yolov8n_640_conf025\visualizations\PIC-00407-_png_jpg.rf.5d51e8f355871e7f12f6932460ee1192.jpg
data\traffic-signs\valid\images\PIC-00408-_png_jpg.rf.3fd9ac55be31b0badb31d79eea2e9c17.jpg,1,0,0,1,1,outputs\error_analysis\threshold_yolov8n_640_conf025\visualizations\PIC-00408-_png_jpg.rf.3fd9ac55be31b0badb31d79eea2e9c17.jpg
data\traffic-signs\valid\images\PIC-00409-_png_jpg.rf.c798209f7b7b4fe29051f5e05678cec8.jpg,2,1,0,3,2,outputs\error_analysis\threshold_yolov8n_640_conf025\visualizations\PIC-00409-_png_jpg.rf.c798209f7b7b4fe29051f5e05678cec8.jpg
data\traffic-signs\valid\images\PIC-00411-_png_jpg.rf.4025dd5f3d384d69cbecdbed3cd25bf6.jpg,1,0,0,1,1,outputs\error_analysis\threshold_yolov8n_640_conf025\visualizations\PIC-00411-_png_jpg.rf.4025dd5f3d384d69cbecdbed3cd25bf6.jpg
data\traffic-signs\valid\images\PIC-00412-_png_jpg.rf.1da761565e76c6d858f3a0af31cdba53.jpg,2,0,0,2,2,outputs\error_analysis\threshold_yolov8n_640_conf025\visualizations\PIC-00412-_png_jpg.rf.1da761565e76c6d858f3a0af31cdba53.jpg
data\traffic-signs\valid\images\PIC-00413-_png_jpg.rf.72e256a9a8cd39093a17a7b09f14f213.jpg,2,2,0,4,3,outputs\error_analysis\threshold_yolov8n_640_conf025\visualizations\PIC-00413-_png_jpg.rf.72e256a9a8cd39093a17a7b09f14f213.jpg
data\traffic-signs\valid\images\SNAG-00000_png_jpg.rf.7dcab4d9bf239cbdb9712043d42d4b57.jpg,2,0,0,2,2,outputs\error_analysis\threshold_yolov8n_640_conf025\visualizations\SNAG-00000_png_jpg.rf.7dcab4d9bf239cbdb9712043d42d4b57.jpg
data\traffic-signs\valid\images\SNAG-00001_png_jpg.rf.23ac3f70c5afb5253eb92c133be69047.jpg,2,1,0,3,2,outputs\error_analysis\threshold_yolov8n_640_conf025\visualizations\SNAG-00001_png_jpg.rf.23ac3f70c5afb5253eb92c133be69047.jpg
data\traffic-signs\valid\images\SNAG-00002_png_jpg.rf.64b7c25a95ffe3c6c710cf3867b9fece.jpg,4,0,0,4,4,outputs\error_analysis\threshold_yolov8n_640_conf025\visualizations\SNAG-00002_png_jpg.rf.64b7c25a95ffe3c6c710cf3867b9fece.jpg
data\traffic-signs\valid\images\SNAG-00003_png_jpg.rf.a8df704d179e87563d6cf439e7a79dac.jpg,1,0,0,1,1,outputs\error_analysis\threshold_yolov8n_640_conf025\visualizations\SNAG-00003_png_jpg.rf.a8df704d179e87563d6cf439e7a79dac.jpg
data\traffic-signs\valid\images\SNAG-00004_png_jpg.rf.5c8a690fd10da10156bea3ecae08dc62.jpg,3,2,1,5,4,outputs\error_analysis\threshold_yolov8n_640_conf025\visualizations\SNAG-00004_png_jpg.rf.5c8a690fd10da10156bea3ecae08dc62.jpg
data\traffic-signs\valid\images\SNAG-00005_png_jpg.rf.9b7ba9ac2317163a801d134fafb2205d.jpg,1,0,0,1,1,outputs\error_analysis\threshold_yolov8n_640_conf025\visualizations\SNAG-00005_png_jpg.rf.9b7ba9ac2317163a801d134fafb2205d.jpg
data\traffic-signs\valid\images\SNAG-00006_png_jpg.rf.5a41e6de0a369ce23ea694e301e30984.jpg,2,2,0,4,2,outputs\error_analysis\threshold_yolov8n_640_conf025\visualizations\SNAG-00006_png_jpg.rf.5a41e6de0a369ce23ea694e301e30984.jpg
data\traffic-signs\valid\images\SNAG-00007_png_jpg.rf.5bb65bc752222eeaf75074830ee72a41.jpg,1,0,0,1,1,outputs\error_analysis\threshold_yolov8n_640_conf025\visualizations\SNAG-00007_png_jpg.rf.5bb65bc752222eeaf75074830ee72a41.jpg
data\traffic-signs\valid\images\SNAG-00008_png_jpg.rf.136b303f752aabe27be06c4550a3d8a4.jpg,1,0,0,1,1,outputs\error_analysis\threshold_yolov8n_640_conf025\visualizations\SNAG-00008_png_jpg.rf.136b303f752aabe27be06c4550a3d8a4.jpg
data\traffic-signs\valid\images\SNAG-00009_png_jpg.rf.7b106c0f2de0640ff5339abe16b1c843.jpg,2,1,0,3,2,outputs\error_analysis\threshold_yolov8n_640_conf025\visualizations\SNAG-00009_png_jpg.rf.7b106c0f2de0640ff5339abe16b1c843.jpg
data\traffic-signs\valid\images\SNAG-00010_png_jpg.rf.2429ed35ea904951944f07b3566018d2.jpg,2,0,0,2,2,outputs\error_analysis\threshold_yolov8n_640_conf025\visualizations\SNAG-00010_png_jpg.rf.2429ed35ea904951944f07b3566018d2.jpg
data\traffic-signs\valid\images\SNAG-00011_png_jpg.rf.c3f6d9614a78bcef280071db2e02a08d.jpg,3,0,0,3,3,outputs\error_analysis\threshold_yolov8n_640_conf025\visualizations\SNAG-00011_png_jpg.rf.c3f6d9614a78bcef280071db2e02a08d.jpg
data\traffic-signs\valid\images\SNAG-00012_png_jpg.rf.34cdc4ea36d1cced9a10879e9e808344.jpg,2,0,0,2,2,outputs\error_analysis\threshold_yolov8n_640_conf025\visualizations\SNAG-00012_png_jpg.rf.34cdc4ea36d1cced9a10879e9e808344.jpg
data\traffic-signs\valid\images\SNAG-00013_png_jpg.rf.5655f1d044e0f5cccc6cf3c17757e6e0.jpg,1,0,0,1,1,outputs\error_analysis\threshold_yolov8n_640_conf025\visualizations\SNAG-00013_png_jpg.rf.5655f1d044e0f5cccc6cf3c17757e6e0.jpg
data\traffic-signs\valid\images\SNAG-00014_png_jpg.rf.69143aca9eb36598083bb8c9ff5e97f3.jpg,1,0,0,1,1,outputs\error_analysis\threshold_yolov8n_640_conf025\visualizations\SNAG-00014_png_jpg.rf.69143aca9eb36598083bb8c9ff5e97f3.jpg
data\traffic-signs\valid\images\SNAG-00015_png_jpg.rf.62a9e36011a59c52ce76c3067f3d6f53.jpg,1,1,0,2,1,outputs\error_analysis\threshold_yolov8n_640_conf025\visualizations\SNAG-00015_png_jpg.rf.62a9e36011a59c52ce76c3067f3d6f53.jpg
data\traffic-signs\valid\images\SNAG-00016_png_jpg.rf.a20b6a9a3f604f1d619e18b7a507b4d0.jpg,1,0,0,1,1,outputs\error_analysis\threshold_yolov8n_640_conf025\visualizations\SNAG-00016_png_jpg.rf.a20b6a9a3f604f1d619e18b7a507b4d0.jpg
data\traffic-signs\valid\images\SNAG-00017_png_jpg.rf.a4ece30ed6fd85ecc65ad4e8cc8f195b.jpg,1,0,0,1,1,outputs\error_analysis\threshold_yolov8n_640_conf025\visualizations\SNAG-00017_png_jpg.rf.a4ece30ed6fd85ecc65ad4e8cc8f195b.jpg
data\traffic-signs\valid\images\SNAG-00018_png_jpg.rf.baa809519cc98eabcc554485dc2fffeb.jpg,2,0,0,2,2,outputs\error_analysis\threshold_yolov8n_640_conf025\visualizations\SNAG-00018_png_jpg.rf.baa809519cc98eabcc554485dc2fffeb.jpg
data\traffic-signs\valid\images\SNAG-00019_png_jpg.rf.85ab5f5947d5a4bef9c1fd2c9a281592.jpg,1,0,0,1,1,outputs\error_analysis\threshold_yolov8n_640_conf025\visualizations\SNAG-00019_png_jpg.rf.85ab5f5947d5a4bef9c1fd2c9a281592.jpg
data\traffic-signs\valid\images\SNAG-00020_png_jpg.rf.23dcdf354340d07c6bccf60aa66df086.jpg,1,0,0,1,1,outputs\error_analysis\threshold_yolov8n_640_conf025\visualizations\SNAG-00020_png_jpg.rf.23dcdf354340d07c6bccf60aa66df086.jpg
data\traffic-signs\valid\images\SNAG-00021_png_jpg.rf.68eecfd6d34c86098af753ac85d1fe80.jpg,3,1,0,4,3,outputs\error_analysis\threshold_yolov8n_640_conf025\visualizations\SNAG-00021_png_jpg.rf.68eecfd6d34c86098af753ac85d1fe80.jpg
data\traffic-signs\valid\images\SNAG-00023_png_jpg.rf.c6083c92ec4e12b15c0c2005c32cdf32.jpg,3,0,0,3,3,outputs\error_analysis\threshold_yolov8n_640_conf025\visualizations\SNAG-00023_png_jpg.rf.c6083c92ec4e12b15c0c2005c32cdf32.jpg
data\traffic-signs\valid\images\SNAG-00024_png_jpg.rf.4c3f15ca5c7e8d4447d6d06861174fb4.jpg,1,0,0,1,1,outputs\error_analysis\threshold_yolov8n_640_conf025\visualizations\SNAG-00024_png_jpg.rf.4c3f15ca5c7e8d4447d6d06861174fb4.jpg
data\traffic-signs\valid\images\SNAG-00025_png_jpg.rf.9ba1a5d3ea6f7665b968ed27d7ff911d.jpg,1,0,0,1,1,outputs\error_analysis\threshold_yolov8n_640_conf025\visualizations\SNAG-00025_png_jpg.rf.9ba1a5d3ea6f7665b968ed27d7ff911d.jpg
data\traffic-signs\valid\images\SNAG-00026_png_jpg.rf.2fefadf5d73d03635b1588798b6f0b11.jpg,2,1,0,3,3,outputs\error_analysis\threshold_yolov8n_640_conf025\visualizations\SNAG-00026_png_jpg.rf.2fefadf5d73d03635b1588798b6f0b11.jpg
data\traffic-signs\valid\images\SNAG-00027_png_jpg.rf.f3e99d49df2c2c21b2dca8c6b091a3bc.jpg,2,1,0,3,3,outputs\error_analysis\threshold_yolov8n_640_conf025\visualizations\SNAG-00027_png_jpg.rf.f3e99d49df2c2c21b2dca8c6b091a3bc.jpg
data\traffic-signs\valid\images\SNAG-00028_png_jpg.rf.43fcf2128f9c8832c3c133f462f7dea4.jpg,1,0,0,1,1,outputs\error_analysis\threshold_yolov8n_640_conf025\visualizations\SNAG-00028_png_jpg.rf.43fcf2128f9c8832c3c133f462f7dea4.jpg
data\traffic-signs\valid\images\SNAG-00029_png_jpg.rf.9b273a1c13b761ec3319583cd5e1412e.jpg,1,0,0,1,1,outputs\error_analysis\threshold_yolov8n_640_conf025\visualizations\SNAG-00029_png_jpg.rf.9b273a1c13b761ec3319583cd5e1412e.jpg
data\traffic-signs\valid\images\SNAG-00030_png_jpg.rf.eaf34267d3f5c437dc505eb473d8a8b2.jpg,1,1,0,2,1,outputs\error_analysis\threshold_yolov8n_640_conf025\visualizations\SNAG-00030_png_jpg.rf.eaf34267d3f5c437dc505eb473d8a8b2.jpg
data\traffic-signs\valid\images\SNAG-00031_png_jpg.rf.72277e294d5887a239af75215caaaafe.jpg,1,1,0,2,1,outputs\error_analysis\threshold_yolov8n_640_conf025\visualizations\SNAG-00031_png_jpg.rf.72277e294d5887a239af75215caaaafe.jpg
data\traffic-signs\valid\images\SNAG-00032_png_jpg.rf.ceb76a0d5abc4896a12228aab559137e.jpg,1,0,0,1,1,outputs\error_analysis\threshold_yolov8n_640_conf025\visualizations\SNAG-00032_png_jpg.rf.ceb76a0d5abc4896a12228aab559137e.jpg
data\traffic-signs\valid\images\SNAG-00033_png_jpg.rf.d58a99ddbbf56b24ca8b27f0dd7048ee.jpg,1,1,0,2,1,outputs\error_analysis\threshold_yolov8n_640_conf025\visualizations\SNAG-00033_png_jpg.rf.d58a99ddbbf56b24ca8b27f0dd7048ee.jpg
data\traffic-signs\valid\images\SNAG-00034_png_jpg.rf.4180c2d18b3ea4b8e86ec849a5b9b506.jpg,3,1,0,4,3,outputs\error_analysis\threshold_yolov8n_640_conf025\visualizations\SNAG-00034_png_jpg.rf.4180c2d18b3ea4b8e86ec849a5b9b506.jpg
data\traffic-signs\valid\images\SNAG-00035_png_jpg.rf.ce754aa8a22c2e9f0150972aad50231b.jpg,2,1,0,3,2,outputs\error_analysis\threshold_yolov8n_640_conf025\visualizations\SNAG-00035_png_jpg.rf.ce754aa8a22c2e9f0150972aad50231b.jpg
data\traffic-signs\valid\images\SNAG-00036_png_jpg.rf.dd06913abd1a00306be65232e4fc27d6.jpg,3,2,1,5,4,outputs\error_analysis\threshold_yolov8n_640_conf025\visualizations\SNAG-00036_png_jpg.rf.dd06913abd1a00306be65232e4fc27d6.jpg
data\traffic-signs\valid\images\SNAG-00037_png_jpg.rf.de4333e30fbdead7aa4ea0ddc26e2301.jpg,2,0,0,2,2,outputs\error_analysis\threshold_yolov8n_640_conf025\visualizations\SNAG-00037_png_jpg.rf.de4333e30fbdead7aa4ea0ddc26e2301.jpg
data\traffic-signs\valid\images\SNAG-00038_png_jpg.rf.83932043ec01f030321e1aac01d845de.jpg,2,0,0,2,2,outputs\error_analysis\threshold_yolov8n_640_conf025\visualizations\SNAG-00038_png_jpg.rf.83932043ec01f030321e1aac01d845de.jpg
data\traffic-signs\valid\images\SNAG-00039_png_jpg.rf.ac815368375492770824079eb0982300.jpg,1,0,0,1,1,outputs\error_analysis\threshold_yolov8n_640_conf025\visualizations\SNAG-00039_png_jpg.rf.ac815368375492770824079eb0982300.jpg
data\traffic-signs\valid\images\SNAG-00040_png_jpg.rf.2a2ee426355c268980baf9402e75a047.jpg,1,0,0,1,1,outputs\error_analysis\threshold_yolov8n_640_conf025\visualizations\SNAG-00040_png_jpg.rf.2a2ee426355c268980baf9402e75a047.jpg
data\traffic-signs\valid\images\SNAG-00041_png_jpg.rf.fe4c0e17dd43d874a04d0b90d08aa058.jpg,1,0,0,1,1,outputs\error_analysis\threshold_yolov8n_640_conf025\visualizations\SNAG-00041_png_jpg.rf.fe4c0e17dd43d874a04d0b90d08aa058.jpg
data\traffic-signs\valid\images\SNAG-00042_png_jpg.rf.e6f98148aec731d00de69bf989a26f6f.jpg,1,0,0,1,1,outputs\error_analysis\threshold_yolov8n_640_conf025\visualizations\SNAG-00042_png_jpg.rf.e6f98148aec731d00de69bf989a26f6f.jpg
data\traffic-signs\valid\images\SNAG-00043_png_jpg.rf.c7cab205f3bb530d3393f5efc64edc37.jpg,1,1,0,2,2,outputs\error_analysis\threshold_yolov8n_640_conf025\visualizations\SNAG-00043_png_jpg.rf.c7cab205f3bb530d3393f5efc64edc37.jpg
data\traffic-signs\valid\images\SNAG-00044_png_jpg.rf.0471e03f5436c8c508451c7f5ff4512b.jpg,2,1,0,3,2,outputs\error_analysis\threshold_yolov8n_640_conf025\visualizations\SNAG-00044_png_jpg.rf.0471e03f5436c8c508451c7f5ff4512b.jpg
data\traffic-signs\valid\images\SNAG-00045_png_jpg.rf.b6ff9b7ef6b0b30f31bd88859752ac91.jpg,1,1,0,2,2,outputs\error_analysis\threshold_yolov8n_640_conf025\visualizations\SNAG-00045_png_jpg.rf.b6ff9b7ef6b0b30f31bd88859752ac91.jpg
data\traffic-signs\valid\images\SNAG-00046_png_jpg.rf.d64f932014d92ac14dd7635f40dcf401.jpg,1,0,0,1,1,outputs\error_analysis\threshold_yolov8n_640_conf025\visualizations\SNAG-00046_png_jpg.rf.d64f932014d92ac14dd7635f40dcf401.jpg
data\traffic-signs\valid\images\SNAG-00047_png_jpg.rf.04363ddd70befcbe33404f272aeaa3a8.jpg,1,0,0,1,1,outputs\error_analysis\threshold_yolov8n_640_conf025\visualizations\SNAG-00047_png_jpg.rf.04363ddd70befcbe33404f272aeaa3a8.jpg
data\traffic-signs\valid\images\SNAG-00048_png_jpg.rf.428c4961a3b66d2b1acaed848a7f17da.jpg,2,0,0,2,2,outputs\error_analysis\threshold_yolov8n_640_conf025\visualizations\SNAG-00048_png_jpg.rf.428c4961a3b66d2b1acaed848a7f17da.jpg
data\traffic-signs\valid\images\SNAG-00049_png_jpg.rf.c03a4fb94f028f767ed819cbdce5eb20.jpg,1,0,0,1,1,outputs\error_analysis\threshold_yolov8n_640_conf025\visualizations\SNAG-00049_png_jpg.rf.c03a4fb94f028f767ed819cbdce5eb20.jpg
data\traffic-signs\valid\images\SNAG-00050_png_jpg.rf.11077b81d13331c14c097a989a44c3fe.jpg,1,0,0,1,1,outputs\error_analysis\threshold_yolov8n_640_conf025\visualizations\SNAG-00050_png_jpg.rf.11077b81d13331c14c097a989a44c3fe.jpg
data\traffic-signs\valid\images\SNAG-00051_png_jpg.rf.cac04503fdf61c02b2a27c575d0c282d.jpg,1,0,0,1,1,outputs\error_analysis\threshold_yolov8n_640_conf025\visualizations\SNAG-00051_png_jpg.rf.cac04503fdf61c02b2a27c575d0c282d.jpg
data\traffic-signs\valid\images\SNAG-00052_png_jpg.rf.9026d979b82d78d0db57d73fe18f366c.jpg,1,0,0,1,1,outputs\error_analysis\threshold_yolov8n_640_conf025\visualizations\SNAG-00052_png_jpg.rf.9026d979b82d78d0db57d73fe18f366c.jpg
data\traffic-signs\valid\images\SNAG-00053_png_jpg.rf.dc1c4c84a08b52b9154efcb9ec6efe45.jpg,1,0,0,1,1,outputs\error_analysis\threshold_yolov8n_640_conf025\visualizations\SNAG-00053_png_jpg.rf.dc1c4c84a08b52b9154efcb9ec6efe45.jpg
data\traffic-signs\valid\images\SNAG-00054_png_jpg.rf.6eb5506fae7ed7fd9e07e4a60ba86f85.jpg,1,0,0,1,1,outputs\error_analysis\threshold_yolov8n_640_conf025\visualizations\SNAG-00054_png_jpg.rf.6eb5506fae7ed7fd9e07e4a60ba86f85.jpg
data\traffic-signs\valid\images\SNAG-00055_png_jpg.rf.9dd9e7c54e9d85de41f7cb4f9c5d643e.jpg,1,0,0,1,1,outputs\error_analysis\threshold_yolov8n_640_conf025\visualizations\SNAG-00055_png_jpg.rf.9dd9e7c54e9d85de41f7cb4f9c5d643e.jpg
data\traffic-signs\valid\images\SNAG-00056_png_jpg.rf.38edc7f06bbc11d80e7b708b3e47eadc.jpg,1,1,0,2,1,outputs\error_analysis\threshold_yolov8n_640_conf025\visualizations\SNAG-00056_png_jpg.rf.38edc7f06bbc11d80e7b708b3e47eadc.jpg
data\traffic-signs\valid\images\SNAG-00057_png_jpg.rf.8a055698df0837d37107c70cc91aff6b.jpg,1,0,0,1,1,outputs\error_analysis\threshold_yolov8n_640_conf025\visualizations\SNAG-00057_png_jpg.rf.8a055698df0837d37107c70cc91aff6b.jpg
data\traffic-signs\valid\images\SNAG-00058_png_jpg.rf.c6d8666de152238238638dda21d9b948.jpg,1,0,0,1,1,outputs\error_analysis\threshold_yolov8n_640_conf025\visualizations\SNAG-00058_png_jpg.rf.c6d8666de152238238638dda21d9b948.jpg
data\traffic-signs\valid\images\SNAG-00059_png_jpg.rf.b811b1a9b15796e448c4654a64ce8a65.jpg,1,0,0,1,1,outputs\error_analysis\threshold_yolov8n_640_conf025\visualizations\SNAG-00059_png_jpg.rf.b811b1a9b15796e448c4654a64ce8a65.jpg
data\traffic-signs\valid\images\SNAG-00060_png_jpg.rf.fc24863676321312a0cd9c2a9c107bd1.jpg,1,0,0,1,1,outputs\error_analysis\threshold_yolov8n_640_conf025\visualizations\SNAG-00060_png_jpg.rf.fc24863676321312a0cd9c2a9c107bd1.jpg
data\traffic-signs\valid\images\SNAG-00061_png_jpg.rf.2fa76cb96b98778df018b372fe7436ef.jpg,1,0,0,1,1,outputs\error_analysis\threshold_yolov8n_640_conf025\visualizations\SNAG-00061_png_jpg.rf.2fa76cb96b98778df018b372fe7436ef.jpg
data\traffic-signs\valid\images\SNAG-00062_png_jpg.rf.dc46f8765ce916dea35e25a45704b76e.jpg,1,0,0,1,1,outputs\error_analysis\threshold_yolov8n_640_conf025\visualizations\SNAG-00062_png_jpg.rf.dc46f8765ce916dea35e25a45704b76e.jpg
data\traffic-signs\valid\images\SNAG-00063_png_jpg.rf.bba766e1408663a522d32cc7f88c9464.jpg,0,0,1,0,1,outputs\error_analysis\threshold_yolov8n_640_conf025\visualizations\SNAG-00063_png_jpg.rf.bba766e1408663a522d32cc7f88c9464.jpg
data\traffic-signs\valid\images\SNAG-00064_png_jpg.rf.251e2b2959d7f83949d8b7261bcb51f1.jpg,1,0,0,1,1,outputs\error_analysis\threshold_yolov8n_640_conf025\visualizations\SNAG-00064_png_jpg.rf.251e2b2959d7f83949d8b7261bcb51f1.jpg
data\traffic-signs\valid\images\SNAG-00065_png_jpg.rf.8c2449b4fa77c0113ee793aa5f3eb1f7.jpg,1,1,0,2,1,outputs\error_analysis\threshold_yolov8n_640_conf025\visualizations\SNAG-00065_png_jpg.rf.8c2449b4fa77c0113ee793aa5f3eb1f7.jpg
data\traffic-signs\valid\images\SNAG-00066_png_jpg.rf.c6d2449bd14b039af45cc397dc56e5fd.jpg,1,0,0,1,1,outputs\error_analysis\threshold_yolov8n_640_conf025\visualizations\SNAG-00066_png_jpg.rf.c6d2449bd14b039af45cc397dc56e5fd.jpg
data\traffic-signs\valid\images\SNAG-00067_png_jpg.rf.0cf6d6baa6a39cdf1af31dfcc35a83e8.jpg,1,0,0,1,1,outputs\error_analysis\threshold_yolov8n_640_conf025\visualizations\SNAG-00067_png_jpg.rf.0cf6d6baa6a39cdf1af31dfcc35a83e8.jpg
data\traffic-signs\valid\images\SNAG-00068_png_jpg.rf.55d62cecafd66d00f4a62f74e539ea60.jpg,1,1,0,2,1,outputs\error_analysis\threshold_yolov8n_640_conf025\visualizations\SNAG-00068_png_jpg.rf.55d62cecafd66d00f4a62f74e539ea60.jpg
data\traffic-signs\valid\images\SNAG-00069_png_jpg.rf.33d03afa3b54278af1c43c1c2534008a.jpg,2,0,0,2,2,outputs\error_analysis\threshold_yolov8n_640_conf025\visualizations\SNAG-00069_png_jpg.rf.33d03afa3b54278af1c43c1c2534008a.jpg
data\traffic-signs\valid\images\SNAG-00070_png_jpg.rf.6269c1a2f8e68b43a3ca101f7b18ecad.jpg,1,0,0,1,1,outputs\error_analysis\threshold_yolov8n_640_conf025\visualizations\SNAG-00070_png_jpg.rf.6269c1a2f8e68b43a3ca101f7b18ecad.jpg
data\traffic-signs\valid\images\SNAG-00071_png_jpg.rf.fd59bb5342fc68536e56cb075b71ce3a.jpg,2,0,0,2,2,outputs\error_analysis\threshold_yolov8n_640_conf025\visualizations\SNAG-00071_png_jpg.rf.fd59bb5342fc68536e56cb075b71ce3a.jpg
data\traffic-signs\valid\images\SNAG-00072_png_jpg.rf.cd27d7f84ab8349d112d77d24a42e8d3.jpg,2,0,0,2,2,outputs\error_analysis\threshold_yolov8n_640_conf025\visualizations\SNAG-00072_png_jpg.rf.cd27d7f84ab8349d112d77d24a42e8d3.jpg
data\traffic-signs\valid\images\SNAG-00073_png_jpg.rf.d3c95e40260ccc9aeec63e48c72855e8.jpg,2,0,0,2,2,outputs\error_analysis\threshold_yolov8n_640_conf025\visualizations\SNAG-00073_png_jpg.rf.d3c95e40260ccc9aeec63e48c72855e8.jpg
data\traffic-signs\valid\images\SNAG-00074_png_jpg.rf.a681132f952dab2e8e792557946602d1.jpg,2,0,0,2,2,outputs\error_analysis\threshold_yolov8n_640_conf025\visualizations\SNAG-00074_png_jpg.rf.a681132f952dab2e8e792557946602d1.jpg
data\traffic-signs\valid\images\SNAG-00075_png_jpg.rf.4e5cc383787113bdb4e8e35ad1d5167f.jpg,2,0,0,2,2,outputs\error_analysis\threshold_yolov8n_640_conf025\visualizations\SNAG-00075_png_jpg.rf.4e5cc383787113bdb4e8e35ad1d5167f.jpg
data\traffic-signs\valid\images\SNAG-00076_png_jpg.rf.1b14a51ee014628c3b085f0c9a859f35.jpg,1,2,0,3,1,outputs\error_analysis\threshold_yolov8n_640_conf025\visualizations\SNAG-00076_png_jpg.rf.1b14a51ee014628c3b085f0c9a859f35.jpg
data\traffic-signs\valid\images\SNAG-00077_png_jpg.rf.235fba10ec0cc7d23845519b1a15bd92.jpg,1,0,0,1,1,outputs\error_analysis\threshold_yolov8n_640_conf025\visualizations\SNAG-00077_png_jpg.rf.235fba10ec0cc7d23845519b1a15bd92.jpg
data\traffic-signs\valid\images\SNAG-00078_png_jpg.rf.f59da08b4c6b111e8fb79b3a0d0932a3.jpg,1,0,0,1,1,outputs\error_analysis\threshold_yolov8n_640_conf025\visualizations\SNAG-00078_png_jpg.rf.f59da08b4c6b111e8fb79b3a0d0932a3.jpg
data\traffic-signs\valid\images\SNAG-00079_png_jpg.rf.bd9f73a35fc029e2dce1e672b3390bc2.jpg,2,0,0,2,2,outputs\error_analysis\threshold_yolov8n_640_conf025\visualizations\SNAG-00079_png_jpg.rf.bd9f73a35fc029e2dce1e672b3390bc2.jpg
data\traffic-signs\valid\images\SNAG-00080_png_jpg.rf.11f0b3a87501d16c5788dd6073715025.jpg,2,0,0,2,2,outputs\error_analysis\threshold_yolov8n_640_conf025\visualizations\SNAG-00080_png_jpg.rf.11f0b3a87501d16c5788dd6073715025.jpg
data\traffic-signs\valid\images\SNAG-00081_png_jpg.rf.c8487c38117e169e364daf4b981d21af.jpg,3,2,0,5,3,outputs\error_analysis\threshold_yolov8n_640_conf025\visualizations\SNAG-00081_png_jpg.rf.c8487c38117e169e364daf4b981d21af.jpg
data\traffic-signs\valid\images\SNAG-00082_png_jpg.rf.b36b877315ef6e6b74a3bd929bbdb8bc.jpg,2,0,0,2,2,outputs\error_analysis\threshold_yolov8n_640_conf025\visualizations\SNAG-00082_png_jpg.rf.b36b877315ef6e6b74a3bd929bbdb8bc.jpg
data\traffic-signs\valid\images\SNAG-00083_png_jpg.rf.40a56b1c8f5231c61e43841ffbeb7d9e.jpg,1,0,0,1,1,outputs\error_analysis\threshold_yolov8n_640_conf025\visualizations\SNAG-00083_png_jpg.rf.40a56b1c8f5231c61e43841ffbeb7d9e.jpg
data\traffic-signs\valid\images\SNAG-00084_png_jpg.rf.198c76481f4047fbe07838dbc9265a87.jpg,1,0,0,1,1,outputs\error_analysis\threshold_yolov8n_640_conf025\visualizations\SNAG-00084_png_jpg.rf.198c76481f4047fbe07838dbc9265a87.jpg
data\traffic-signs\valid\images\SNAG-00085_png_jpg.rf.b6e76513abe632d3fc9217334e7c2438.jpg,1,0,0,1,1,outputs\error_analysis\threshold_yolov8n_640_conf025\visualizations\SNAG-00085_png_jpg.rf.b6e76513abe632d3fc9217334e7c2438.jpg
data\traffic-signs\valid\images\SNAG-00086_png_jpg.rf.11c535d5b3a21646e3264e4e0ab69f3e.jpg,1,0,0,1,1,outputs\error_analysis\threshold_yolov8n_640_conf025\visualizations\SNAG-00086_png_jpg.rf.11c535d5b3a21646e3264e4e0ab69f3e.jpg
data\traffic-signs\valid\images\SNAG-00087_png_jpg.rf.00c4cd0a30bdf51ecf69147bddf2d423.jpg,1,2,0,3,1,outputs\error_analysis\threshold_yolov8n_640_conf025\visualizations\SNAG-00087_png_jpg.rf.00c4cd0a30bdf51ecf69147bddf2d423.jpg
data\traffic-signs\valid\images\SNAG-00088_png_jpg.rf.f71322f1aea02a1171fbd28c720b94ec.jpg,1,0,0,1,1,outputs\error_analysis\threshold_yolov8n_640_conf025\visualizations\SNAG-00088_png_jpg.rf.f71322f1aea02a1171fbd28c720b94ec.jpg
data\traffic-signs\valid\images\SNAG-00089_png_jpg.rf.8feaf4225806e64d14c2cedd893add41.jpg,1,0,0,1,1,outputs\error_analysis\threshold_yolov8n_640_conf025\visualizations\SNAG-00089_png_jpg.rf.8feaf4225806e64d14c2cedd893add41.jpg
data\traffic-signs\valid\images\SNAG-00090_png_jpg.rf.e4ce701d229ad2ce34c0d160b6560a71.jpg,1,0,0,1,1,outputs\error_analysis\threshold_yolov8n_640_conf025\visualizations\SNAG-00090_png_jpg.rf.e4ce701d229ad2ce34c0d160b6560a71.jpg
data\traffic-signs\valid\images\SNAG-00091_png_jpg.rf.08b38138a8f89690b637e4a16a9f408e.jpg,1,0,0,1,1,outputs\error_analysis\threshold_yolov8n_640_conf025\visualizations\SNAG-00091_png_jpg.rf.08b38138a8f89690b637e4a16a9f408e.jpg
data\traffic-signs\valid\images\SNAG-00092_png_jpg.rf.b0eeb80d90f398255a84b1e4bf1347be.jpg,1,0,0,1,1,outputs\error_analysis\threshold_yolov8n_640_conf025\visualizations\SNAG-00092_png_jpg.rf.b0eeb80d90f398255a84b1e4bf1347be.jpg
data\traffic-signs\valid\images\SNAG-00093_png_jpg.rf.afd3efbb0ab9182a527c29d6d26d7659.jpg,1,0,0,1,1,outputs\error_analysis\threshold_yolov8n_640_conf025\visualizations\SNAG-00093_png_jpg.rf.afd3efbb0ab9182a527c29d6d26d7659.jpg
data\traffic-signs\valid\images\SNAG-00094_png_jpg.rf.47b8992e05efdf7a9d9fb225ec9c7456.jpg,2,0,0,2,2,outputs\error_analysis\threshold_yolov8n_640_conf025\visualizations\SNAG-00094_png_jpg.rf.47b8992e05efdf7a9d9fb225ec9c7456.jpg
data\traffic-signs\valid\images\SNAG-00095_png_jpg.rf.df4b6baaf62ca639a699cfdc3982f603.jpg,1,1,0,2,1,outputs\error_analysis\threshold_yolov8n_640_conf025\visualizations\SNAG-00095_png_jpg.rf.df4b6baaf62ca639a699cfdc3982f603.jpg
data\traffic-signs\valid\images\SNAG-00096_png_jpg.rf.fe50bb5f47ed3349a28d356b6a7655cd.jpg,1,0,0,1,1,outputs\error_analysis\threshold_yolov8n_640_conf025\visualizations\SNAG-00096_png_jpg.rf.fe50bb5f47ed3349a28d356b6a7655cd.jpg
data\traffic-signs\valid\images\SNAG-00097_png_jpg.rf.a45cf6515c7e223f1934b07deafa084b.jpg,1,0,0,1,1,outputs\error_analysis\threshold_yolov8n_640_conf025\visualizations\SNAG-00097_png_jpg.rf.a45cf6515c7e223f1934b07deafa084b.jpg
data\traffic-signs\valid\images\SNAG-00098_png_jpg.rf.19e70754b7ea05d218ae56203591285d.jpg,1,1,0,2,1,outputs\error_analysis\threshold_yolov8n_640_conf025\visualizations\SNAG-00098_png_jpg.rf.19e70754b7ea05d218ae56203591285d.jpg
data\traffic-signs\valid\images\SNAG-00099_png_jpg.rf.f761061be5f898bb88331802cec02a98.jpg,1,0,0,1,1,outputs\error_analysis\threshold_yolov8n_640_conf025\visualizations\SNAG-00099_png_jpg.rf.f761061be5f898bb88331802cec02a98.jpg
data\traffic-signs\valid\images\SNAG-00100_png_jpg.rf.962c84d75dd140c5e78a50749070c3bf.jpg,2,1,0,3,3,outputs\error_analysis\threshold_yolov8n_640_conf025\visualizations\SNAG-00100_png_jpg.rf.962c84d75dd140c5e78a50749070c3bf.jpg
data\traffic-signs\valid\images\SNAG-00101_png_jpg.rf.66de779690229aa64ad5562fa34e7594.jpg,2,1,0,3,3,outputs\error_analysis\threshold_yolov8n_640_conf025\visualizations\SNAG-00101_png_jpg.rf.66de779690229aa64ad5562fa34e7594.jpg
data\traffic-signs\valid\images\SNAG-00102_png_jpg.rf.d4917016effcece5869da88c3063b93b.jpg,1,0,0,1,1,outputs\error_analysis\threshold_yolov8n_640_conf025\visualizations\SNAG-00102_png_jpg.rf.d4917016effcece5869da88c3063b93b.jpg
data\traffic-signs\valid\images\SNAG-00103_png_jpg.rf.de78d6504fcf13ff11844c33fd3e53ab.jpg,1,0,0,1,1,outputs\error_analysis\threshold_yolov8n_640_conf025\visualizations\SNAG-00103_png_jpg.rf.de78d6504fcf13ff11844c33fd3e53ab.jpg
data\traffic-signs\valid\images\SNAG-00104_png_jpg.rf.72943d47368e6c342dc500d359c64c6d.jpg,3,0,0,3,3,outputs\error_analysis\threshold_yolov8n_640_conf025\visualizations\SNAG-00104_png_jpg.rf.72943d47368e6c342dc500d359c64c6d.jpg
data\traffic-signs\valid\images\SNAG-00105_png_jpg.rf.037b6a61ea483ed7b9a2088b67dbcbf4.jpg,2,3,0,5,3,outputs\error_analysis\threshold_yolov8n_640_conf025\visualizations\SNAG-00105_png_jpg.rf.037b6a61ea483ed7b9a2088b67dbcbf4.jpg
data\traffic-signs\valid\images\SNAG-00106_png_jpg.rf.b2673b41ef60569d6c0666f33816110e.jpg,1,0,0,1,1,outputs\error_analysis\threshold_yolov8n_640_conf025\visualizations\SNAG-00106_png_jpg.rf.b2673b41ef60569d6c0666f33816110e.jpg
data\traffic-signs\valid\images\SNAG-00107_png_jpg.rf.8e925de3abb144c11c6ba368cf0c1559.jpg,1,0,0,1,1,outputs\error_analysis\threshold_yolov8n_640_conf025\visualizations\SNAG-00107_png_jpg.rf.8e925de3abb144c11c6ba368cf0c1559.jpg
data\traffic-signs\valid\images\SNAG-00108_png_jpg.rf.ac3cb4ce1ddf57dd24427a0101cc1ccd.jpg,1,0,0,1,1,outputs\error_analysis\threshold_yolov8n_640_conf025\visualizations\SNAG-00108_png_jpg.rf.ac3cb4ce1ddf57dd24427a0101cc1ccd.jpg
data\traffic-signs\valid\images\SNAG-00109_png_jpg.rf.e25c9a3dd1079bafe67d5e25dbb29ec2.jpg,1,0,0,1,1,outputs\error_analysis\threshold_yolov8n_640_conf025\visualizations\SNAG-00109_png_jpg.rf.e25c9a3dd1079bafe67d5e25dbb29ec2.jpg
data\traffic-signs\valid\images\SNAG-00110_png_jpg.rf.687815572dd13b2102649ae86260302f.jpg,1,0,0,1,1,outputs\error_analysis\threshold_yolov8n_640_conf025\visualizations\SNAG-00110_png_jpg.rf.687815572dd13b2102649ae86260302f.jpg
data\traffic-signs\valid\images\SNAG-00111_png_jpg.rf.1b57f82f9ae33c52ea243621c04f35fe.jpg,1,0,0,1,1,outputs\error_analysis\threshold_yolov8n_640_conf025\visualizations\SNAG-00111_png_jpg.rf.1b57f82f9ae33c52ea243621c04f35fe.jpg
data\traffic-signs\valid\images\SNAG-00112_png_jpg.rf.a7174b405d07900f4ff9d29dc48eb9df.jpg,1,0,0,1,1,outputs\error_analysis\threshold_yolov8n_640_conf025\visualizations\SNAG-00112_png_jpg.rf.a7174b405d07900f4ff9d29dc48eb9df.jpg
data\traffic-signs\valid\images\SNAG-00113_png_jpg.rf.0129f48e8cf1c082b966c63f72f2fea4.jpg,1,1,0,2,2,outputs\error_analysis\threshold_yolov8n_640_conf025\visualizations\SNAG-00113_png_jpg.rf.0129f48e8cf1c082b966c63f72f2fea4.jpg
data\traffic-signs\valid\images\SNAG-00114_png_jpg.rf.59522e393e26bbaea7f6495e3f5c4e84.jpg,1,0,0,1,1,outputs\error_analysis\threshold_yolov8n_640_conf025\visualizations\SNAG-00114_png_jpg.rf.59522e393e26bbaea7f6495e3f5c4e84.jpg
data\traffic-signs\valid\images\SNAG-00115_png_jpg.rf.7b7bd726642a5c14f96b8ee21ce43a91.jpg,1,0,0,1,1,outputs\error_analysis\threshold_yolov8n_640_conf025\visualizations\SNAG-00115_png_jpg.rf.7b7bd726642a5c14f96b8ee21ce43a91.jpg
data\traffic-signs\valid\images\SNAG-00116_png_jpg.rf.510df6e6d26c7ad990cfed947392d107.jpg,2,1,0,3,2,outputs\error_analysis\threshold_yolov8n_640_conf025\visualizations\SNAG-00116_png_jpg.rf.510df6e6d26c7ad990cfed947392d107.jpg
data\traffic-signs\valid\images\SNAG-00117_png_jpg.rf.80d2bb0a96ed11c77f8f940429c4103a.jpg,2,0,0,2,2,outputs\error_analysis\threshold_yolov8n_640_conf025\visualizations\SNAG-00117_png_jpg.rf.80d2bb0a96ed11c77f8f940429c4103a.jpg
data\traffic-signs\valid\images\SNAG-00118_png_jpg.rf.e7f90a3fa246b379b4af4a431afcc849.jpg,3,0,0,3,3,outputs\error_analysis\threshold_yolov8n_640_conf025\visualizations\SNAG-00118_png_jpg.rf.e7f90a3fa246b379b4af4a431afcc849.jpg
data\traffic-signs\valid\images\SNAG-00119_png_jpg.rf.aba53a51a6e251308f1e5b4d7d050703.jpg,2,0,0,2,2,outputs\error_analysis\threshold_yolov8n_640_conf025\visualizations\SNAG-00119_png_jpg.rf.aba53a51a6e251308f1e5b4d7d050703.jpg
data\traffic-signs\valid\images\SNAG-00120_png_jpg.rf.0e6e3a2fdadb36263eaf64a5046286c8.jpg,2,0,0,2,2,outputs\error_analysis\threshold_yolov8n_640_conf025\visualizations\SNAG-00120_png_jpg.rf.0e6e3a2fdadb36263eaf64a5046286c8.jpg
data\traffic-signs\valid\images\SNAG-00121_png_jpg.rf.343176723ed13235bca922dad3f000a0.jpg,3,0,0,3,3,outputs\error_analysis\threshold_yolov8n_640_conf025\visualizations\SNAG-00121_png_jpg.rf.343176723ed13235bca922dad3f000a0.jpg
data\traffic-signs\valid\images\SNAG-00122_png_jpg.rf.d5fe57028b62daaf08cac9e62ad08cab.jpg,2,0,0,2,2,outputs\error_analysis\threshold_yolov8n_640_conf025\visualizations\SNAG-00122_png_jpg.rf.d5fe57028b62daaf08cac9e62ad08cab.jpg
data\traffic-signs\valid\images\SNAG-00123_png_jpg.rf.ae78a9379afd42cf439d385215fc213d.jpg,2,0,0,2,2,outputs\error_analysis\threshold_yolov8n_640_conf025\visualizations\SNAG-00123_png_jpg.rf.ae78a9379afd42cf439d385215fc213d.jpg
data\traffic-signs\valid\images\SNAG-00124_png_jpg.rf.26a70e7863d6c186ca92eac831a724b7.jpg,1,0,0,1,1,outputs\error_analysis\threshold_yolov8n_640_conf025\visualizations\SNAG-00124_png_jpg.rf.26a70e7863d6c186ca92eac831a724b7.jpg
data\traffic-signs\valid\images\SNAG-00125_png_jpg.rf.2abdc758a63c70f2b829e9bafce9a1ae.jpg,1,0,0,1,1,outputs\error_analysis\threshold_yolov8n_640_conf025\visualizations\SNAG-00125_png_jpg.rf.2abdc758a63c70f2b829e9bafce9a1ae.jpg
data\traffic-signs\valid\images\SNAG-00126_png_jpg.rf.25bff2c3aca9fe5feab3ff84bfd1e08d.jpg,1,0,0,1,1,outputs\error_analysis\threshold_yolov8n_640_conf025\visualizations\SNAG-00126_png_jpg.rf.25bff2c3aca9fe5feab3ff84bfd1e08d.jpg
data\traffic-signs\valid\images\SNAG-00127_png_jpg.rf.4c44c187ec4ccf48a56de1dba3407823.jpg,1,0,0,1,1,outputs\error_analysis\threshold_yolov8n_640_conf025\visualizations\SNAG-00127_png_jpg.rf.4c44c187ec4ccf48a56de1dba3407823.jpg
data\traffic-signs\valid\images\SNAG-00128_png_jpg.rf.e9bdfc8bcbafca0f945f5cfdf06ff96d.jpg,2,0,0,2,2,outputs\error_analysis\threshold_yolov8n_640_conf025\visualizations\SNAG-00128_png_jpg.rf.e9bdfc8bcbafca0f945f5cfdf06ff96d.jpg
data\traffic-signs\valid\images\SNAG-00129_png_jpg.rf.3ba69453fc3181b9fbe8c595600db6cd.jpg,2,0,0,2,2,outputs\error_analysis\threshold_yolov8n_640_conf025\visualizations\SNAG-00129_png_jpg.rf.3ba69453fc3181b9fbe8c595600db6cd.jpg
data\traffic-signs\valid\images\SNAG-00130_png_jpg.rf.0b1b506a653284ea34526116633ec701.jpg,2,0,0,2,2,outputs\error_analysis\threshold_yolov8n_640_conf025\visualizations\SNAG-00130_png_jpg.rf.0b1b506a653284ea34526116633ec701.jpg
data\traffic-signs\valid\images\SNAG-00131_png_jpg.rf.a5955105ca344ecd9da9f1b383d0ca6f.jpg,2,0,0,2,2,outputs\error_analysis\threshold_yolov8n_640_conf025\visualizations\SNAG-00131_png_jpg.rf.a5955105ca344ecd9da9f1b383d0ca6f.jpg
data\traffic-signs\valid\images\SNAG-00132_png_jpg.rf.6b2d3c8571e080570df032068920e163.jpg,3,0,0,3,3,outputs\error_analysis\threshold_yolov8n_640_conf025\visualizations\SNAG-00132_png_jpg.rf.6b2d3c8571e080570df032068920e163.jpg
data\traffic-signs\valid\images\SNAG-00133_png_jpg.rf.bd61a3c98bf5815aaa3f2b7db427c350.jpg,3,0,0,3,3,outputs\error_analysis\threshold_yolov8n_640_conf025\visualizations\SNAG-00133_png_jpg.rf.bd61a3c98bf5815aaa3f2b7db427c350.jpg
data\traffic-signs\valid\images\SNAG-00134_png_jpg.rf.54b15a168e9e116e722504cb6ad921a7.jpg,2,1,1,3,3,outputs\error_analysis\threshold_yolov8n_640_conf025\visualizations\SNAG-00134_png_jpg.rf.54b15a168e9e116e722504cb6ad921a7.jpg
data\traffic-signs\valid\images\SNAG-00135_png_jpg.rf.a58de3810bdd0f6e9cc1262741117e3a.jpg,2,1,1,3,3,outputs\error_analysis\threshold_yolov8n_640_conf025\visualizations\SNAG-00135_png_jpg.rf.a58de3810bdd0f6e9cc1262741117e3a.jpg
data\traffic-signs\valid\images\SNAG-00136_png_jpg.rf.8cff3bf69a7607107e30c356bf97a286.jpg,2,0,0,2,2,outputs\error_analysis\threshold_yolov8n_640_conf025\visualizations\SNAG-00136_png_jpg.rf.8cff3bf69a7607107e30c356bf97a286.jpg
data\traffic-signs\valid\images\SNAG-00137_png_jpg.rf.1a81144422924ec2d3d704a5e6eb2f4d.jpg,2,0,0,2,2,outputs\error_analysis\threshold_yolov8n_640_conf025\visualizations\SNAG-00137_png_jpg.rf.1a81144422924ec2d3d704a5e6eb2f4d.jpg
data\traffic-signs\valid\images\SNAG-00138_png_jpg.rf.e4ce2fca462fa470b496a1c1c896602b.jpg,2,0,0,2,2,outputs\error_analysis\threshold_yolov8n_640_conf025\visualizations\SNAG-00138_png_jpg.rf.e4ce2fca462fa470b496a1c1c896602b.jpg
data\traffic-signs\valid\images\SNAG-00139_png_jpg.rf.cd6d6d469c96cfc7ae575b90831820be.jpg,2,0,0,2,2,outputs\error_analysis\threshold_yolov8n_640_conf025\visualizations\SNAG-00139_png_jpg.rf.cd6d6d469c96cfc7ae575b90831820be.jpg
data\traffic-signs\valid\images\SNAG-00140_png_jpg.rf.bbf5a67f5a37388cf1609f38315cbd60.jpg,1,0,0,1,1,outputs\error_analysis\threshold_yolov8n_640_conf025\visualizations\SNAG-00140_png_jpg.rf.bbf5a67f5a37388cf1609f38315cbd60.jpg
data\traffic-signs\valid\images\SNAG-00141_png_jpg.rf.9f3daf255ba2108189a1142733d4f8cf.jpg,1,0,0,1,1,outputs\error_analysis\threshold_yolov8n_640_conf025\visualizations\SNAG-00141_png_jpg.rf.9f3daf255ba2108189a1142733d4f8cf.jpg
data\traffic-signs\valid\images\SNAG-00142_png_jpg.rf.68a164a0ff419be2b2f59d857ab689d9.jpg,2,1,0,3,2,outputs\error_analysis\threshold_yolov8n_640_conf025\visualizations\SNAG-00142_png_jpg.rf.68a164a0ff419be2b2f59d857ab689d9.jpg
data\traffic-signs\valid\images\SNAG-00143_png_jpg.rf.7e0110ca1a191441ae76e8a48ebdf68a.jpg,2,0,0,2,2,outputs\error_analysis\threshold_yolov8n_640_conf025\visualizations\SNAG-00143_png_jpg.rf.7e0110ca1a191441ae76e8a48ebdf68a.jpg
data\traffic-signs\valid\images\SNAG-00144_png_jpg.rf.11c28380a3272512a1935081509fb792.jpg,1,0,0,1,1,outputs\error_analysis\threshold_yolov8n_640_conf025\visualizations\SNAG-00144_png_jpg.rf.11c28380a3272512a1935081509fb792.jpg
data\traffic-signs\valid\images\SNAG-00145_png_jpg.rf.b367b3648a15dd92b6a66dbdd88bcd3b.jpg,1,0,0,1,1,outputs\error_analysis\threshold_yolov8n_640_conf025\visualizations\SNAG-00145_png_jpg.rf.b367b3648a15dd92b6a66dbdd88bcd3b.jpg
data\traffic-signs\valid\images\SNAG-00146_png_jpg.rf.59a3e041816df91cb6ddb721f09558e5.jpg,2,0,0,2,2,outputs\error_analysis\threshold_yolov8n_640_conf025\visualizations\SNAG-00146_png_jpg.rf.59a3e041816df91cb6ddb721f09558e5.jpg
data\traffic-signs\valid\images\SNAG-00147_png_jpg.rf.28b969d75c11d7a15bd3c0ade0695036.jpg,2,0,0,2,2,outputs\error_analysis\threshold_yolov8n_640_conf025\visualizations\SNAG-00147_png_jpg.rf.28b969d75c11d7a15bd3c0ade0695036.jpg
data\traffic-signs\valid\images\SNAG-00148_png_jpg.rf.b7ad99862559cd5ad1c67407ab762070.jpg,2,0,0,2,2,outputs\error_analysis\threshold_yolov8n_640_conf025\visualizations\SNAG-00148_png_jpg.rf.b7ad99862559cd5ad1c67407ab762070.jpg
data\traffic-signs\valid\images\SNAG-00149_png_jpg.rf.039d47e62a7cd705095ccf82c85d8309.jpg,1,0,0,1,1,outputs\error_analysis\threshold_yolov8n_640_conf025\visualizations\SNAG-00149_png_jpg.rf.039d47e62a7cd705095ccf82c85d8309.jpg
data\traffic-signs\valid\images\SNAG-00150_png_jpg.rf.1b03ffd36a2b4fb5567131108b219896.jpg,1,0,0,1,1,outputs\error_analysis\threshold_yolov8n_640_conf025\visualizations\SNAG-00150_png_jpg.rf.1b03ffd36a2b4fb5567131108b219896.jpg
data\traffic-signs\valid\images\SNAG-00151_png_jpg.rf.4763b7b1b297f8a3eeedba7712689d14.jpg,1,0,0,1,1,outputs\error_analysis\threshold_yolov8n_640_conf025\visualizations\SNAG-00151_png_jpg.rf.4763b7b1b297f8a3eeedba7712689d14.jpg
data\traffic-signs\valid\images\SNAG-00152_png_jpg.rf.909aed532cb69cb19f88ad9b34f0fb71.jpg,1,0,0,1,1,outputs\error_analysis\threshold_yolov8n_640_conf025\visualizations\SNAG-00152_png_jpg.rf.909aed532cb69cb19f88ad9b34f0fb71.jpg
data\traffic-signs\valid\images\SNAG-00153_png_jpg.rf.a2e4acf101bc54b972a7774d0316a9d9.jpg,2,0,0,2,2,outputs\error_analysis\threshold_yolov8n_640_conf025\visualizations\SNAG-00153_png_jpg.rf.a2e4acf101bc54b972a7774d0316a9d9.jpg
data\traffic-signs\valid\images\SNAG-00154_png_jpg.rf.6499a992d265fe809b529991cf296c4f.jpg,1,0,0,1,1,outputs\error_analysis\threshold_yolov8n_640_conf025\visualizations\SNAG-00154_png_jpg.rf.6499a992d265fe809b529991cf296c4f.jpg
data\traffic-signs\valid\images\SNAG-00155_png_jpg.rf.8d7ca55d26aa06abff7bdc5678335ca9.jpg,1,0,0,1,1,outputs\error_analysis\threshold_yolov8n_640_conf025\visualizations\SNAG-00155_png_jpg.rf.8d7ca55d26aa06abff7bdc5678335ca9.jpg
data\traffic-signs\valid\images\SNAG-00156_png_jpg.rf.045a491fef8654e71cfb06904b769338.jpg,1,0,0,1,1,outputs\error_analysis\threshold_yolov8n_640_conf025\visualizations\SNAG-00156_png_jpg.rf.045a491fef8654e71cfb06904b769338.jpg
data\traffic-signs\valid\images\SNAG-00157_png_jpg.rf.d857fae59b189f162bc61bd2276e8e53.jpg,1,0,0,1,1,outputs\error_analysis\threshold_yolov8n_640_conf025\visualizations\SNAG-00157_png_jpg.rf.d857fae59b189f162bc61bd2276e8e53.jpg
data\traffic-signs\valid\images\SNAG-00158_png_jpg.rf.142bd0bfdd50c13bfd6b5a55f0d293b9.jpg,2,0,0,2,2,outputs\error_analysis\threshold_yolov8n_640_conf025\visualizations\SNAG-00158_png_jpg.rf.142bd0bfdd50c13bfd6b5a55f0d293b9.jpg
data\traffic-signs\valid\images\SNAG-00159_png_jpg.rf.a91677a8572f7435ccb4b9b082c1e0d9.jpg,3,0,0,3,3,outputs\error_analysis\threshold_yolov8n_640_conf025\visualizations\SNAG-00159_png_jpg.rf.a91677a8572f7435ccb4b9b082c1e0d9.jpg
data\traffic-signs\valid\images\SNAG-00160_png_jpg.rf.72323d11294d5fca9fe62f89d87eb0ce.jpg,3,0,0,3,3,outputs\error_analysis\threshold_yolov8n_640_conf025\visualizations\SNAG-00160_png_jpg.rf.72323d11294d5fca9fe62f89d87eb0ce.jpg
data\traffic-signs\valid\images\SNAG-00161_png_jpg.rf.0ee03238fcc90e5e4f08c1b9bd34c33c.jpg,2,0,0,2,2,outputs\error_analysis\threshold_yolov8n_640_conf025\visualizations\SNAG-00161_png_jpg.rf.0ee03238fcc90e5e4f08c1b9bd34c33c.jpg
data\traffic-signs\valid\images\SNAG-00162_png_jpg.rf.4de82d0a11a0c04b21e0a6e8f1b89ef8.jpg,1,0,0,1,1,outputs\error_analysis\threshold_yolov8n_640_conf025\visualizations\SNAG-00162_png_jpg.rf.4de82d0a11a0c04b21e0a6e8f1b89ef8.jpg
data\traffic-signs\valid\images\SNAG-00163_png_jpg.rf.1d0e44aee3c0ddb9a7747ad76bb566cb.jpg,1,0,0,1,1,outputs\error_analysis\threshold_yolov8n_640_conf025\visualizations\SNAG-00163_png_jpg.rf.1d0e44aee3c0ddb9a7747ad76bb566cb.jpg
data\traffic-signs\valid\images\SNAG-00164_png_jpg.rf.e4fac19894a678fda77cdd4888fdda87.jpg,1,0,0,1,1,outputs\error_analysis\threshold_yolov8n_640_conf025\visualizations\SNAG-00164_png_jpg.rf.e4fac19894a678fda77cdd4888fdda87.jpg
data\traffic-signs\valid\images\SNAG-00165_png_jpg.rf.1b775475dacc9e8bc39bcc392a1f75a3.jpg,1,0,0,1,1,outputs\error_analysis\threshold_yolov8n_640_conf025\visualizations\SNAG-00165_png_jpg.rf.1b775475dacc9e8bc39bcc392a1f75a3.jpg
data\traffic-signs\valid\images\SNAG-00166_png_jpg.rf.9e22b6dfdb328748c51ba196da644246.jpg,1,0,0,1,1,outputs\error_analysis\threshold_yolov8n_640_conf025\visualizations\SNAG-00166_png_jpg.rf.9e22b6dfdb328748c51ba196da644246.jpg
data\traffic-signs\valid\images\SNAG-00167_png_jpg.rf.96d79ef59723bd710326bba646903587.jpg,1,0,0,1,1,outputs\error_analysis\threshold_yolov8n_640_conf025\visualizations\SNAG-00167_png_jpg.rf.96d79ef59723bd710326bba646903587.jpg
data\traffic-signs\valid\images\SNAG12-RADU_698_png.rf.4e1099e3f2063498e6561cd8db10a41e.jpg,4,0,0,4,4,outputs\error_analysis\threshold_yolov8n_640_conf025\visualizations\SNAG12-RADU_698_png.rf.4e1099e3f2063498e6561cd8db10a41e.jpg
data\traffic-signs\valid\images\SNAG12-RADU_69_png.rf.4710e2a22e017dc9d13bc193a7091074.jpg,1,0,0,1,1,outputs\error_analysis\threshold_yolov8n_640_conf025\visualizations\SNAG12-RADU_69_png.rf.4710e2a22e017dc9d13bc193a7091074.jpg
data\traffic-signs\valid\images\SNAG12-RADU_710_png.rf.6cd00e5a9dd9982b33d4422f15ec2dcd.jpg,2,0,0,2,2,outputs\error_analysis\threshold_yolov8n_640_conf025\visualizations\SNAG12-RADU_710_png.rf.6cd00e5a9dd9982b33d4422f15ec2dcd.jpg
data\traffic-signs\valid\images\SNAG12-RADU_712_png.rf.e5e40bd752d0388b6ae68e47a91a185d.jpg,6,2,0,8,7,outputs\error_analysis\threshold_yolov8n_640_conf025\visualizations\SNAG12-RADU_712_png.rf.e5e40bd752d0388b6ae68e47a91a185d.jpg
data\traffic-signs\valid\images\SNAG12-RADU_719_png.rf.9ecc11172eb9ed43e54b8d467c1930e4.jpg,0,1,1,1,1,outputs\error_analysis\threshold_yolov8n_640_conf025\visualizations\SNAG12-RADU_719_png.rf.9ecc11172eb9ed43e54b8d467c1930e4.jpg
data\traffic-signs\valid\images\SNAG12-RADU_724_png.rf.123071919fecd14dd784d6daf71393e3.jpg,1,0,0,1,1,outputs\error_analysis\threshold_yolov8n_640_conf025\visualizations\SNAG12-RADU_724_png.rf.123071919fecd14dd784d6daf71393e3.jpg
data\traffic-signs\valid\images\SNAG12-RADU_726_png.rf.a4337ef814389de203750301a2a31084.jpg,2,1,0,3,2,outputs\error_analysis\threshold_yolov8n_640_conf025\visualizations\SNAG12-RADU_726_png.rf.a4337ef814389de203750301a2a31084.jpg
data\traffic-signs\valid\images\SNAG12-RADU_727_png.rf.57af8d425f55fdefa1642e644a281380.jpg,2,0,0,2,2,outputs\error_analysis\threshold_yolov8n_640_conf025\visualizations\SNAG12-RADU_727_png.rf.57af8d425f55fdefa1642e644a281380.jpg
data\traffic-signs\valid\images\SNAG12-RADU_72_png.rf.31b75c0866c4e238ede65501cb46e33f.jpg,1,0,0,1,1,outputs\error_analysis\threshold_yolov8n_640_conf025\visualizations\SNAG12-RADU_72_png.rf.31b75c0866c4e238ede65501cb46e33f.jpg
data\traffic-signs\valid\images\SNAG12-RADU_731_png.rf.da94c7dc04847d6e74584a3ff19108bb.jpg,4,3,0,7,5,outputs\error_analysis\threshold_yolov8n_640_conf025\visualizations\SNAG12-RADU_731_png.rf.da94c7dc04847d6e74584a3ff19108bb.jpg
data\traffic-signs\valid\images\SNAG12-RADU_732_png.rf.eef29a594a4c7b62fb0aa8523935a371.jpg,2,2,0,4,4,outputs\error_analysis\threshold_yolov8n_640_conf025\visualizations\SNAG12-RADU_732_png.rf.eef29a594a4c7b62fb0aa8523935a371.jpg
data\traffic-signs\valid\images\SNAG12-RADU_735_png.rf.6de39e266fab58f5d12180f32221269a.jpg,3,0,0,3,3,outputs\error_analysis\threshold_yolov8n_640_conf025\visualizations\SNAG12-RADU_735_png.rf.6de39e266fab58f5d12180f32221269a.jpg
data\traffic-signs\valid\images\SNAG12-RADU_736_png.rf.9769cdff80d30c6afaebad10da164b5a.jpg,5,1,1,6,7,outputs\error_analysis\threshold_yolov8n_640_conf025\visualizations\SNAG12-RADU_736_png.rf.9769cdff80d30c6afaebad10da164b5a.jpg
data\traffic-signs\valid\images\SNAG12-RADU_738_png.rf.1f555a6c3b1bdcde12c2780dd740ebae.jpg,2,2,1,4,4,outputs\error_analysis\threshold_yolov8n_640_conf025\visualizations\SNAG12-RADU_738_png.rf.1f555a6c3b1bdcde12c2780dd740ebae.jpg
data\traffic-signs\valid\images\SNAG12-RADU_739_png.rf.e27574e38c988df6f4dbed2e643a50a5.jpg,3,1,0,4,4,outputs\error_analysis\threshold_yolov8n_640_conf025\visualizations\SNAG12-RADU_739_png.rf.e27574e38c988df6f4dbed2e643a50a5.jpg
data\traffic-signs\valid\images\SNAG12-RADU_73_png.rf.7fb7c307a4c2c19cd34f3246667ae386.jpg,0,0,1,0,1,outputs\error_analysis\threshold_yolov8n_640_conf025\visualizations\SNAG12-RADU_73_png.rf.7fb7c307a4c2c19cd34f3246667ae386.jpg
data\traffic-signs\valid\images\SNAG12-RADU_741_png.rf.4fde07db8d1638b72f05149ebb8b5575.jpg,2,0,0,2,2,outputs\error_analysis\threshold_yolov8n_640_conf025\visualizations\SNAG12-RADU_741_png.rf.4fde07db8d1638b72f05149ebb8b5575.jpg
data\traffic-signs\valid\images\SNAG12-RADU_742_png.rf.64cbc169ae70ac6976fe39380d0e0ff8.jpg,2,3,0,5,3,outputs\error_analysis\threshold_yolov8n_640_conf025\visualizations\SNAG12-RADU_742_png.rf.64cbc169ae70ac6976fe39380d0e0ff8.jpg
data\traffic-signs\valid\images\SNAG12-RADU_743_png.rf.b2a73fc92111e705bfa773da4aba2d3e.jpg,3,2,0,5,4,outputs\error_analysis\threshold_yolov8n_640_conf025\visualizations\SNAG12-RADU_743_png.rf.b2a73fc92111e705bfa773da4aba2d3e.jpg
data\traffic-signs\valid\images\SNAG12-RADU_745_png.rf.f5e2b22e95c3f4d93dda7ffc83855146.jpg,0,1,0,1,0,outputs\error_analysis\threshold_yolov8n_640_conf025\visualizations\SNAG12-RADU_745_png.rf.f5e2b22e95c3f4d93dda7ffc83855146.jpg
data\traffic-signs\valid\images\SNAG12-RADU_746_png.rf.e287c0c36b55377bfe63ab88244ea393.jpg,0,1,0,1,0,outputs\error_analysis\threshold_yolov8n_640_conf025\visualizations\SNAG12-RADU_746_png.rf.e287c0c36b55377bfe63ab88244ea393.jpg
data\traffic-signs\valid\images\SNAG12-RADU_747_png.rf.33eda5595e422352240b38136df5b318.jpg,3,0,0,3,3,outputs\error_analysis\threshold_yolov8n_640_conf025\visualizations\SNAG12-RADU_747_png.rf.33eda5595e422352240b38136df5b318.jpg
data\traffic-signs\valid\images\SNAG12-RADU_748_png.rf.747692b7dbf1aa9e83b835e6678efd5d.jpg,1,1,0,2,1,outputs\error_analysis\threshold_yolov8n_640_conf025\visualizations\SNAG12-RADU_748_png.rf.747692b7dbf1aa9e83b835e6678efd5d.jpg
data\traffic-signs\valid\images\SNAG12-RADU_749_png.rf.902a3454cffe8e9918a273b11973ae71.jpg,2,0,0,2,2,outputs\error_analysis\threshold_yolov8n_640_conf025\visualizations\SNAG12-RADU_749_png.rf.902a3454cffe8e9918a273b11973ae71.jpg
data\traffic-signs\valid\images\SNAG12-RADU_74_png.rf.314f78d576aa41766c8225c028022f8b.jpg,4,0,0,4,4,outputs\error_analysis\threshold_yolov8n_640_conf025\visualizations\SNAG12-RADU_74_png.rf.314f78d576aa41766c8225c028022f8b.jpg
data\traffic-signs\valid\images\SNAG12-RADU_750_png.rf.42f4451aa1540d116f795127702050fe.jpg,2,0,0,2,2,outputs\error_analysis\threshold_yolov8n_640_conf025\visualizations\SNAG12-RADU_750_png.rf.42f4451aa1540d116f795127702050fe.jpg
data\traffic-signs\valid\images\SNAG12-RADU_751_png.rf.b6a40306c8dbea4c3e3d1d74783dfc2b.jpg,1,2,0,3,1,outputs\error_analysis\threshold_yolov8n_640_conf025\visualizations\SNAG12-RADU_751_png.rf.b6a40306c8dbea4c3e3d1d74783dfc2b.jpg
data\traffic-signs\valid\images\SNAG12-RADU_752_png.rf.ff93a4910429fe15ec6db4a502276441.jpg,1,0,1,1,2,outputs\error_analysis\threshold_yolov8n_640_conf025\visualizations\SNAG12-RADU_752_png.rf.ff93a4910429fe15ec6db4a502276441.jpg
data\traffic-signs\valid\images\SNAG12-RADU_753_png.rf.e09a2d387191b2665c8798ee6234a900.jpg,3,2,0,5,3,outputs\error_analysis\threshold_yolov8n_640_conf025\visualizations\SNAG12-RADU_753_png.rf.e09a2d387191b2665c8798ee6234a900.jpg
data\traffic-signs\valid\images\SNAG12-RADU_754_png.rf.c9786981bf9a7210b9884fe0cf814bee.jpg,1,0,0,1,1,outputs\error_analysis\threshold_yolov8n_640_conf025\visualizations\SNAG12-RADU_754_png.rf.c9786981bf9a7210b9884fe0cf814bee.jpg
data\traffic-signs\valid\images\SNAG12-RADU_755_png.rf.9faa0f72f5abf2d49b33dc91e6fd21bf.jpg,4,0,0,4,4,outputs\error_analysis\threshold_yolov8n_640_conf025\visualizations\SNAG12-RADU_755_png.rf.9faa0f72f5abf2d49b33dc91e6fd21bf.jpg
